1.783514032480702505e-01,1.672149947813904858e-01,-2.605571458048481781e-01,-1.374947061234107863e-02,2.760290671372156793e-02,-1.647569100296993605e-01,-8.005390372851443545e-03,8.172292708346017530e-04,-3.806273569762973902e-02,-2.232071702229994174e-03,-3.742368709888001937e-04,-9.311979791612301494e-03,-5.714604837830865964e-04,-1.334550965479793709e-04,-2.314920710933582662e-03,-6.771647187377841104e-02,-5.264404117691656032e-02,-4.333765010563864206e-02,-3.419110805150506194e-02,-3.057895447067894221e-02,1.727720685716140764e-02,-1.136408997563900097e-02,-3.651381116584427860e-03,9.475274833263368571e-03,-3.078170954717639012e-03,-3.526400867786857844e-04,2.936104381313634024e-03,-7.853972176152985724e-04,-3.456807793944035462e-05,7.760931520212098001e-04
1.801948375573410588e-01,1.738034823272983642e-01,-2.625402545025671830e-01,-1.278510233181627889e-02,3.788399265903028001e-02,-1.662004663101884772e-01,-7.454363068589351521e-03,8.319434625754684731e-03,-3.874986151513037935e-02,-1.931814372111714719e-03,3.998911302539144737e-03,-9.633584762440602564e-03,-4.170584746305847166e-04,2.209904316669856518e-03,-2.472207660433827121e-03,-6.686158622658507078e-02,-3.948887833772175143e-02,-4.446669193875889964e-02,-3.402118091840848624e-02,-2.475014679912621030e-02,1.705390750272806413e-02,-1.131716637684209228e-02,-1.882158772019005459e-03,9.423731166024925873e-03,-3.050245933177764702e-03,3.386217702236017451e-04,2.907889392735108630e-03,-7.600377735859669597e-04,4.160493767594739207e-04,7.507168779632897564e-04
1.820382718666118949e-01,1.803919698732062149e-01,-2.645233632002861879e-01,-1.182073405129148089e-02,4.816507860433894006e-02,-1.676440225906775661e-01,-6.903335764327259497e-03,1.582163998067478636e-02,-3.943698733263102663e-02,-1.631557041993434614e-03,8.372059476067089667e-03,-9.955189733268900165e-03,-2.626564654780832162e-04,4.553263729887691187e-03,-2.629494609934073315e-03,-6.596941257881593079e-02,-2.634523751193489777e-02,-4.563138657043074031e-02,-3.380631126448884610e-02,-1.866458826293437845e-02,1.678461051497904741e-02,-1.122152074917550334e-02,3.872482683403412969e-04,9.323317115683961778e-03,-2.972631170989972500e-03,1.677138348108807731e-03,2.829972789334877885e-03,-6.847549088579783349e-04,1.590270891339934769e-03,6.754164195142632523e-04
1.838817061758827032e-01,1.869804574191141211e-01,-2.665064718980051928e-01,-1.085636577076668288e-02,5.844616454964765562e-02,-1.690875788711666827e-01,-6.352308460065165738e-03,2.332384533559487411e-02,-4.012411315013166002e-02,-1.331299711875155159e-03,1.274520764959503200e-02,-1.027679470409720124e-02,-1.082544563255815803e-04,6.896623143105526724e-03,-2.786781559434318642e-03,-6.503995093047100495e-02,-1.321311869955609473e-02,-4.683173400065413633e-02,-3.354649908974612071e-02,-1.232227886210335993e-02,1.646931589391436093e-02,-1.107715309263923240e-02,3.156840004493592297e-03,9.174032682240486694e-03,-2.845326668154262838e-03,3.662909646876928542e-03,2.702354571112941355e-03,-5.595486234313331317e-04,3.488096465801942148e-03,5.501917766741303960e-04
1.857251404851535115e-01,1.935689449650219718e-01,-2.684895805957241421e-01,-9.891997490241877938e-03,6.872725049495635730e-02,-1.705311351516557439e-01,-5.801281155803073714e-03,3.082605069051497226e-02,-4.081123896763230730e-02,-1.031042381756875487e-03,1.711835582312297779e-02,-1.059839967492550231e-02,4.614755282692016396e-05,9.239982556323363128e-03,-2.944068508934563969e-03,-6.407320128155027938e-02,-9.252190058529744833e-05,-4.806773422942907381e-02,-3.324174439418031701e-02,-5.723218596633210253e-03,1.610802363953397695e-02,-1.088406340723327946e-02,6.426616436440744234e-03,8.975877865694493682e-03,-2.668332424670636586e-03,6.295935666527967267e-03,2.525034738069299907e-03,-3.844189173060314044e-04,6.109526100145494867e-03,3.750429494428914588e-04
1.875685747944243198e-01,2.001574325109298225e-01,-2.704726892934431470e-01,-8.927629209717083403e-03,7.900833644026503122e-02,-1.719746914321448883e-01,-5.250253851540980822e-03,3.832825604543506348e-02,-4.149836478513294763e-02,-7.307850516385958149e-04,2.149150399665092012e-02,-1.092000464575380164e-02,2.005495619794219354e-04,1.158334196954119953e-02,-3.101355458434809295e-03,-6.306916363205375409e-02,1.301655288497747739e-02,-4.933938725675562215e-02,-3.289204717779145581e-02,1.132592533476116554e-03,1.570073375183793710e-02,-1.064225169295765321e-02,1.019657756418180898e-02,8.728852666045989681e-03,-2.441648440539093308e-03,9.576216407061920871e-03,2.298013290203953542e-03,-1.593657904820728005e-04,9.454559794370594877e-03,1.499699378205459255e-04
1.894120091036951836e-01,2.067459200568377564e-01,-2.724557979911621519e-01,-7.963260929192280194e-03,8.928942238557374678e-02,-1.734182477126339494e-01,-4.699226547278889665e-03,4.583046140035514776e-02,-4.218549060263359490e-02,-4.305277215203163598e-04,2.586465217017886245e-02,-1.124160961658210098e-02,3.549515711319234899e-04,1.392670138275903420e-02,-3.258642407935055055e-03,-6.202783798198140131e-02,2.611410565713249282e-02,-5.064669308263376746e-02,-3.249740744057949549e-02,8.245154528224581461e-03,1.524744623082620668e-02,-1.035171794981234669e-02,1.446672338771677786e-02,8.432957083294972955e-03,-2.165274715759633005e-03,1.350375186847879196e-02,2.021290227516901825e-03,1.156107570405424630e-04,1.352319754847723654e-02,-1.250272581929057702e-04
1.912554434129660197e-01,2.133344076027456349e-01,-2.744389066888811568e-01,-6.998892648667482189e-03,9.957050833088244846e-02,-1.748618039931230939e-01,-4.148199243016795906e-03,5.333266675527524592e-02,-4.287261642013423524e-02,-1.302703914020365795e-04,3.023780034370681172e-02,-1.156321458741040205e-02,7.417045496926611119e-04,1.933964370311356748e-02,-3.652333224944208021e-03,-6.094922433133326961e-02,3.920013641587933445e-02,-5.198965170706344729e-02,-3.205782518254447766e-02,1.561446738761222523e-02,1.474816107649880824e-02,-1.001246217779735471e-02,1.923705390704567864e-02,8.088191117441434833e-03,-1.839211250332255026e-03,1.807854205077858226e-02,1.694865550008145191e-03,4.411127449183050060e-04,1.828076539679301948e-02,-4.505544485674886374e-04
1.930988777222368280e-01,2.199228951486535411e-01,-2.764220153866001617e-01,-6.034524368142681582e-03,1.098515942761911501e-01,-1.763053602736122105e-01,-3.597171938754704749e-03,6.083487211019533020e-02,-4.355974223763488251e-02,1.699869387162432008e-04,3.461094851723476445e-02,-1.188481955823870312e-02,1.205907851389476917e-03,2.577578032584700030e-02,-4.124825331122997443e-03,-5.983332268010933819e-02,5.227464516121824167e-02,-5.336826313004474492e-02,-3.157330040368637458e-02,2.324053111163899843e-02,1.420287828885572964e-02,-9.624484376912692887e-03,2.450756912216848007e-02,7.694554768485390057e-03,-1.463458044256960673e-03,2.330058695396128657e-02,1.318739257677683640e-03,8.167385153803942985e-04,2.362848801743052188e-02,-8.262075357193405514e-04
1.949423120315076363e-01,2.265113826945613917e-01,-2.784051240843191666e-01,-5.070156087617883577e-03,1.201326802214998241e-01,-1.777489165541012994e-01,-3.046144634492612292e-03,6.833707746511541448e-02,-4.424686805513551591e-02,4.702442688345225474e-04,3.898409669076269290e-02,-1.220642452906700245e-02,1.670111153086292722e-03,3.221191694858042964e-02,-4.597317437301786866e-03,-5.868013302830958622e-02,6.533763189314928388e-02,-5.478252735157757708e-02,-3.104383310400518625e-02,3.112334570030492187e-02,1.361159786789696916e-02,-9.187784547158343862e-03,3.027826903308518738e-02,7.252048036426825620e-03,-1.038015097533751246e-03,2.916988657802691357e-02,8.929113505255184720e-04,1.242287350731815891e-03,2.956051035623257633e-02,-1.251784550953143060e-03
1.967857463407784446e-01,2.330998702404692702e-01,-2.803882327820381715e-01,-4.105787807093082102e-03,1.304137661668085535e-01,-1.791924728345903883e-01,-2.495117330230519834e-03,7.583928282003551957e-02,-4.493399387263616318e-02,7.705015989528025445e-04,4.335724486429064911e-02,-1.252802949989530353e-02,2.134314454783108744e-03,3.864805357131387287e-02,-5.069809543480576289e-03,-5.748965537593409003e-02,7.838909661167217657e-02,-5.623244437166195764e-02,-3.046942328350092655e-02,3.926291115360999728e-02,1.297431981362253198e-02,-8.702362688534314578e-03,3.654915363979580750e-02,6.760670921265744988e-03,-5.628824101626219746e-04,3.568644092297544590e-02,4.173818285516461097e-04,1.717759250972569676e-03,3.607683241319922102e-02,-1.727285494268896923e-03
1.986291806500492807e-01,2.396883577863771486e-01,-2.823713414797571764e-01,-3.141419526568287567e-03,1.406948521121172135e-01,-1.806360291150795050e-01,-1.944090025968426942e-03,8.334148817495559691e-02,-4.562111969013679658e-02,1.070758929071082000e-03,4.773039303781859144e-02,-1.284963447072360460e-02,2.598517756479925417e-03,4.508419019404730221e-02,-5.542301649659365712e-03,-5.626188972298273860e-02,9.142903931678715568e-02,-5.771801419029794905e-02,-2.985007094217359894e-02,4.765922747155421080e-02,1.229104412603242678e-02,-8.168218801040603300e-03,4.332022294230032655e-02,6.220423423002149899e-03,-3.805998214357657951e-05,4.285024998880690439e-02,-1.078493082439304518e-04,2.243154216102654242e-03,4.317745418833041776e-02,-2.252710365666600514e-03
2.004726149593201168e-01,2.462768453322850548e-01,-2.843544501774761812e-01,-2.177051246043485225e-03,1.509759380574259291e-01,-1.820795853955686217e-01,-1.393062721706335352e-03,9.084369352987568813e-02,-4.630824550763744385e-02,1.371016259189361455e-03,5.210354121134653377e-02,-1.317123944155190393e-02,3.062721058176741222e-03,5.152032681678074544e-02,-6.014793755838155134e-03,-5.499683606945562908e-02,1.044574600084941796e-01,-5.923923680748549581e-02,-2.918577608002319301e-02,5.631229465413761792e-02,1.156177080512663970e-02,-7.585352884677219569e-03,5.059147694059877576e-02,5.631305541636045554e-03,5.364521865233868843e-04,5.066131377552126475e-02,-6.827820598612131505e-04,2.818472246122070025e-03,5.086237568162615963e-02,-2.828059165146253398e-03
2.023160492685909251e-01,2.528653328781929055e-01,-2.863375588751951861e-01,-1.212682965518685485e-03,1.612570240027346169e-01,-1.835231416760577106e-01,-8.420354174442424601e-04,9.834589888479579323e-02,-4.699537132513809112e-02,1.974729960898831144e-03,5.972897044151954243e-02,-1.381449240370304261e-02,3.682015013872062641e-03,5.957887827343914117e-02,-6.644716908590305587e-03,-5.369449441535268513e-02,1.174743586867932066e-01,-6.079611222322463260e-02,-2.847653869704971225e-02,6.522211270136017702e-02,1.078649985090517419e-02,-6.953764939444148641e-03,5.836291563469112736e-02,4.993317277167418078e-03,1.163798478089375340e-03,5.910311990350547440e-02,-1.310617292218094806e-03,3.444113001509118300e-03,5.911729253789065747e-02,-3.453733265278734373e-03
2.041594835778617611e-01,2.594538204241008117e-01,-2.883206675729141910e-01,-2.483146849938840106e-04,1.715381099480433325e-01,-1.849666979565468550e-01,-2.910081131821495685e-04,1.058481042397158844e-01,-4.768249714263873146e-02,2.881900034199498008e-03,7.060668072833772846e-02,-1.477939335717705013e-02,4.456399623565893142e-03,6.925984456402253797e-02,-7.432071107915820540e-03,-5.235486476067396228e-02,1.304797353516842506e-01,-6.238864043751533861e-02,-2.772235879325314623e-02,7.438868161322184647e-02,9.965231263368033721e-03,-6.273454965341400055e-03,6.663453902457737443e-02,4.306458629596279612e-03,1.843977759708273186e-03,6.798228155146189555e-02,-1.991352720825252404e-03,4.120076316858064386e-03,6.784405047110671216e-02,-4.129732405004543465e-03
2.060029178871325972e-01,2.660423079700087179e-01,-2.903037762706331959e-01,7.160535955309105249e-04,1.818191958933519925e-01,-1.864102542370359439e-01,2.600191910799420220e-04,1.133503095946359895e-01,-4.836962296013937873e-02,3.789070107500161402e-03,8.148439101515587979e-02,-1.574429431065104898e-02,5.230784233259721042e-03,7.894081085460590008e-02,-8.219425307241332024e-03,-5.097794710541941887e-02,1.434735900031675615e-01,-6.401682145035766935e-02,-2.692323636863351230e-02,8.381200138972272340e-02,9.097965042515213097e-03,-5.544422962368978150e-03,7.540634711025756554e-02,3.570729598922632326e-03,2.573845271513670440e-03,7.725084882523759744e-02,-2.721786718268421647e-03,4.845962476555364280e-03,7.702423574113106963e-02,-4.855655124732970000e-03
2.078463521964034055e-01,2.726307955159166241e-01,-2.922868849683522008e-01,1.680421876055715469e-03,1.921002818386607081e-01,-1.878538105175250050e-01,8.110464953420353472e-04,1.208525149495560808e-01,-4.905674877764001907e-02,4.696240180800826530e-03,9.236210130197404500e-02,-1.670919526412505129e-02,6.005168842953551543e-03,8.862177714518928995e-02,-9.006779506566846977e-03,-4.956374144958911737e-02,1.564559226412424453e-01,-6.568065526175147217e-02,-2.607917142319079312e-02,9.349207203086272455e-02,8.184701188346714049e-03,-4.766668930526868179e-03,8.467833989173163822e-02,2.786130185146462775e-03,3.353401013505566235e-03,8.690882172483267720e-02,-3.501919284547601232e-03,5.621771480601024489e-03,8.665784834796380620e-02,-5.631501424464017448e-03
2.096897865056742416e-01,2.792192830618244748e-01,-2.942699936660712057e-01,2.644790156580515209e-03,2.023813677839694236e-01,-1.892973667980141217e-01,1.362073799604128239e-03,1.283547203044761720e-01,-4.974387459514066634e-02,5.603410254101492960e-03,1.032398115887922380e-01,-1.767409621759905361e-02,6.779553452647381177e-03,9.830274343577269369e-02,-9.794133705892361930e-03,-4.811224779318297451e-02,1.694267332659095959e-01,-6.738014187169689972e-02,-2.519016395692500604e-02,1.034288935366419193e-01,7.225439700862538311e-03,-3.940192869815078817e-03,9.445051736899962025e-02,1.952660388267777681e-03,4.182644985683964256e-03,9.695620025024707933e-02,-4.331750419662794629e-03,6.447503328995040674e-03,9.674488829160486636e-02,-6.457271304197686676e-03
2.115332208149450222e-01,2.858077706077323255e-01,-2.962531023637901550e-01,3.609158437105313214e-03,2.126624537292780837e-01,-1.907409230785032106e-01,1.913101103866218528e-03,1.358569256593962493e-01,-5.043100041264129973e-02,6.510580327402156788e-03,1.141175218756103893e-01,-1.863899717107305593e-02,7.553938062341209077e-03,1.079837097263560419e-01,-1.058148790521787341e-02,-4.662346613620105273e-02,1.823860218771687636e-01,-6.911528128019391037e-02,-2.425621396983614411e-02,1.136224659070601967e-01,6.220180580062691089e-03,-3.064994780233618737e-03,1.047228795420615394e-01,1.070320208286585934e-03,5.061577188048856264e-03,1.073929844014807622e-01,-5.211280123613993599e-03,7.323158021737409366e-03,1.072853555720541807e-01,-7.332964763933969010e-03
2.133766551242159137e-01,2.923962581536402316e-01,-2.982362110615092154e-01,4.573526717630111219e-03,2.229435396745868270e-01,-1.921844793589923550e-01,2.464128408128312721e-03,1.433591310143163267e-01,-5.111812623014194701e-02,7.417750400702824085e-03,1.249952321624285684e-01,-1.960389812454705824e-02,8.405971410717263947e-03,1.182784332769133417e-01,-1.144746190201306572e-02,-4.509739647864332429e-02,1.953337884750199760e-01,-7.088607348724249024e-02,-2.327732146192420387e-02,1.240727891421177093e-01,5.168923825947161974e-03,-2.141074661782469291e-03,1.154954264109173540e-01,1.391096452028728716e-04,5.990197620600253535e-03,1.182191741785338368e-01,-6.140508396401208116e-03,8.248934480377946923e-03,1.182759302490835884e-01,-8.258781354132287492e-03
2.152200894334866943e-01,2.989847456995481378e-01,-3.002193197592282203e-01,5.537894998154914428e-03,2.332246256198955148e-01,-1.936280356394814439e-01,3.015155712390405612e-03,1.508613363692364318e-01,-5.180525204764258734e-02,8.324920474003488780e-03,1.358729424492467475e-01,-2.056879907802106056e-02,9.490950975140029222e-03,1.304144286073926629e-01,-1.254929529121732827e-02,-4.353403882050980306e-02,2.082700330594630944e-01,-7.269251849284261158e-02,-2.225348643318918532e-02,1.347798632418142906e-01,4.071669438515959638e-03,-1.168432514461641104e-03,1.267681579755670640e-01,-8.409713009833561133e-04,6.968506283338149129e-03,1.294347695814062060e-01,-7.119435238024433843e-03,9.225230425180646829e-03,1.296340152362959741e-01,-9.235119970349437921e-03
2.170635237427575304e-01,3.055732332454559330e-01,-3.022024284569472252e-01,6.502263278679710698e-03,2.435057115652042026e-01,-1.950715919199705606e-01,3.566183016652496769e-03,1.583635417241565368e-01,-5.249237786514323462e-02,9.232090547304151740e-03,1.467506527360648849e-01,-2.153370003149505940e-02,1.057593053956279103e-02,1.425504239378719840e-01,-1.365112868042158735e-02,-4.193339316180048904e-02,2.211947556304982299e-01,-7.453461629699430213e-02,-2.118470888363109539e-02,1.457436882061500238e-01,2.928417417769080613e-03,-1.470683382711391359e-04,1.385410742360106973e-01,-1.869922630272091886e-03,7.996503176262541313e-03,1.410397706100979254e-01,-8.148060648483664709e-03,1.025144901779483260e-02,1.413239960308116383e-01,-1.026138183799007834e-02
2.189069580520283664e-01,3.121617207913638392e-01,-3.041855371546662301e-01,7.466631559204511305e-03,2.537867975105129181e-01,-1.965151482004596772e-01,4.117210320914589661e-03,1.658657470790766419e-01,-5.317950368264387495e-02,1.013926062060481990e-02,1.576283630228830779e-01,-2.249860098496906519e-02,1.166091010398555457e-02,1.546864192683513051e-01,-1.475296206962584990e-02,-4.029545950251536834e-02,2.341079561881254933e-01,-7.641236689969760354e-02,-2.007098881324992021e-02,1.569642640351250062e-01,1.739167763706518394e-03,9.230178667890486747e-04,1.508141751922482399e-01,-2.947744342663349924e-03,9.074188299373432687e-03,1.530341772646089393e-01,-9.226384627778911121e-03,1.132759025822051464e-02,1.533458726326305810e-01,-1.133756695705422091e-02
2.207503923612991747e-01,3.187502083372717454e-01,-3.061686458523851795e-01,8.430999839729313647e-03,2.640678834558216059e-01,-1.979587044809487939e-01,4.668237625176681685e-03,1.733679524339966915e-01,-5.386662950014450835e-02,1.104643069390548286e-02,1.685060733097012431e-01,-2.346350193844306403e-02,1.274588966840831811e-02,1.668224145988306262e-01,-1.585479545883011418e-02,-3.862023784265444792e-02,2.470096347323447461e-01,-7.832577030095247417e-02,-1.891232622204567365e-02,1.684415907287390990e-01,5.039204763282803534e-04,2.041826100718916771e-03,1.635874608442797196e-01,-4.074436438157121552e-03,1.020156165267082846e-02,1.654179895449393312e-01,-1.035440717591016961e-02,1.245365414645767561e-02,1.656996450417528854e-01,-1.246367532754185346e-02
2.225938266705700108e-01,3.253386958831796516e-01,-3.081517545501042399e-01,9.395368120254109917e-03,2.743489694011302937e-01,-1.994022607614378828e-01,5.219264929438772842e-03,1.808701577889167966e-01,-5.455375531764516256e-02,1.195360076720614756e-02,1.793837835965193805e-01,-2.442840289191706288e-02,1.383086923283107991e-02,1.789584099293099195e-01,-1.695662884803437326e-02,-3.690772818221772777e-02,2.598997912631559881e-01,-8.027482650075891402e-02,-1.770872111001835225e-02,1.801756682869923298e-01,-7.773244443656301484e-04,3.209356363518457537e-03,1.768609311921049976e-01,-5.249998916753402002e-03,1.137862323615471648e-02,1.781912074510889898e-01,-1.153212829287743151e-02,1.362964068250632939e-02,1.783853132581785794e-01,-1.363970694945297948e-02
2.244372609798408469e-01,3.319271834290875578e-01,-3.101348632478232448e-01,1.035973640077890792e-02,2.846300553464389815e-01,-2.008458170419269995e-01,5.770292233700864866e-03,1.883723631438368740e-01,-5.524088113514579595e-02,1.286077084050680878e-02,1.902614938833375180e-01,-2.539330384539105132e-02,1.491584879725384866e-02,1.910944052597892961e-01,-1.805846223723863928e-02,-3.515793052120520096e-02,2.727784257805593304e-01,-8.225953549911692309e-02,-1.646017347716795254e-02,1.921664967098846710e-01,-2.104566998375219725e-03,4.425608655187686369e-03,1.906345862357242960e-01,-6.474431778452205584e-03,1.260537304982513838e-02,1.913538309830580542e-01,-1.275954797868074017e-02,1.485554986636647423e-02,1.914028772819075519e-01,-1.486566182278760764e-02
2.262806952891116552e-01,3.385156709749954085e-01,-3.121179719455422497e-01,1.132410468130370766e-02,2.949111412917476693e-01,-2.022893733224161161e-01,7.486099141775502328e-03,2.030373646109913666e-01,-5.726407092160973322e-02,1.438137910423473859e-02,2.046144085007838009e-01,-2.699541755081605321e-02,1.631185777493557310e-02,2.049538951902007133e-01,-1.947436472084164774e-02,-3.337084485961688135e-02,2.856455382845545232e-01,-8.427989729602647362e-02,-1.516668332349447972e-02,2.044140759974162613e-01,-3.477807185700488701e-03,5.738287197354912696e-03,2.046847980240089349e-01,-7.796883044121957068e-03,1.388806643349986027e-02,2.047933013143218295e-01,-1.404297000103053687e-02,1.613217375805125683e-02,2.046960743020493079e-01,-1.614233354234819937e-02
2.281241295983824635e-01,3.451041585209032592e-01,-3.141010806432612545e-01,1.228847296182850740e-02,3.051922272370564126e-01,-2.037329296029052328e-01,9.201906049850140656e-03,2.177023660781458592e-01,-5.928726070807366355e-02,1.590198736796267012e-02,2.189673231182300561e-01,-2.859753125624104469e-02,1.770786675261730447e-02,2.188133851206122971e-01,-2.089026720444466662e-02,-3.154647119745275508e-02,2.985011287751421216e-01,-8.633591189148769052e-02,-1.382825064899792511e-02,2.169184061495869620e-01,-4.897045006341435233e-03,7.099716257936934671e-03,2.188070961927627567e-01,-9.168143638814452850e-03,1.522044810567502356e-02,2.183997496180538067e-01,-1.537608662497631611e-02,1.745872012214670296e-02,2.182089900989467868e-01,-1.746892820619910108e-02
2.299675639076532718e-01,3.516926460668111654e-01,-3.160841893409802039e-01,1.325284124235330714e-02,3.154733131823651004e-01,-2.051764858833943495e-01,1.091771295792477899e-02,2.323673675453003518e-01,-6.131045049453758694e-02,1.742259563169059819e-02,2.333202377356763113e-01,-3.019964496166603618e-02,1.910387573029903932e-02,2.326728750510237975e-01,-2.230616968804768202e-02,-2.968480953471282560e-02,3.113451972523214595e-01,-8.842757928550042112e-02,-1.244487545367829566e-02,2.296794871663968007e-01,-6.362280460298057154e-03,8.509895836933746224e-03,2.330014807419859557e-01,-1.058821356252968512e-02,1.660251806635059876e-02,2.321731758942540136e-01,-1.675889785051805012e-02,1.883518895865281262e-02,2.319416246725998776e-01,-1.884544581434030933e-02
2.318109982169241357e-01,3.582811336127190160e-01,-3.180672980386992088e-01,1.421720952287810688e-02,3.257543991276737883e-01,-2.066200421638834384e-01,1.263351986599940691e-02,2.470323690124548444e-01,-6.333364028100151033e-02,1.894320389541851585e-02,2.476731523531224832e-01,-3.180175866709102073e-02,2.049988470798076723e-02,2.465323649814353257e-01,-2.372207217165069049e-02,-2.778585987139713109e-02,3.241777437160927033e-01,-9.055489947806467932e-02,-1.101655773753559830e-02,2.426973190478457498e-01,-7.873513547570350560e-03,9.968825934345348222e-03,2.472679516716785320e-01,-1.205709281526766083e-02,1.803427631552657895e-02,2.461135801429224779e-01,-1.819140367765573543e-02,2.026158026756960315e-02,2.458939780230086358e-01,-2.027188636677184144e-02
2.336544325261949440e-01,3.648696211586269222e-01,-3.200504067364182137e-01,1.518157780340290662e-02,3.360354850729824761e-01,-2.080635984443725550e-01,1.434932677407404870e-02,2.616973704796093370e-01,-6.535683006746544066e-02,2.046381215914644391e-02,2.620260669705687384e-01,-3.340387237251601221e-02,2.189589368566249861e-02,2.603918549118468539e-01,-2.513797465525370589e-02,-2.584962220750560910e-02,3.369987681664560752e-01,-9.271787246918059000e-02,-9.543297500569819167e-03,2.559719017939339203e-01,-9.430744268158328461e-03,1.147650655017173893e-02,2.616065089818402911e-01,-1.357478139702836956e-02,1.951572285320297626e-02,2.602209623640591718e-01,-1.967360410638937726e-02,2.173789404889706414e-02,2.600660501501731448e-01,-2.174824986349368702e-02
2.354978668354657523e-01,3.714581087045347729e-01,-3.220335154341372741e-01,1.614594608392770289e-02,3.463165710182911639e-01,-2.095071547248616439e-01,1.606513368214868703e-02,2.763623719467638851e-01,-6.738001985392938487e-02,2.198442042287437545e-02,2.763789815880149936e-01,-3.500598607794100370e-02,2.329190266334423345e-02,2.742513448422584377e-01,-2.655387713885672823e-02,-2.387609654303829779e-02,3.498082706034114642e-01,-9.491649825884801439e-02,-8.025094742780961715e-03,2.695032354046612566e-01,-1.103397262206197958e-02,1.303293768441292876e-02,2.760171526724716773e-01,-1.514127930781183559e-02,2.104685767937978721e-02,2.744953225576641787e-01,-2.120549913671898254e-02,2.326413030263519213e-02,2.744578410540932101e-01,-2.327453630450584607e-02
2.373413011447365883e-01,3.780465962504426791e-01,-3.240166241318562790e-01,1.711031436445251130e-02,3.565976569635999072e-01,-2.109507110053507606e-01,1.778094059022332363e-02,2.910273734139183777e-01,-6.940320964039330132e-02,2.350502868660230005e-02,2.907318962054612488e-01,-3.660809978336598824e-02,2.492151682139859270e-02,2.888985738630936440e-01,-2.820501169487345944e-02,-2.186528287799517287e-02,3.626062510269589811e-01,-9.715077684706704964e-02,-6.461949464169032022e-03,2.832913198800278143e-01,-1.268319860928131260e-02,1.463811933706889862e-02,2.904998827435722464e-01,-1.675658654761803118e-02,2.262768079405700489e-02,2.889366607237374152e-01,-2.278708876864453045e-02,2.484088049155320360e-02,2.890388345886482080e-01,-2.485133761372589067e-02
2.391847354540074244e-01,3.846350837963505853e-01,-3.259997328295752284e-01,1.807468264497730931e-02,3.668787429089085395e-01,-2.123942672858398217e-01,1.949674749829796369e-02,3.056923748810729258e-01,-7.142639942685724552e-02,2.502563695033022811e-02,3.050848108229075040e-01,-3.821021348879098667e-02,2.662899937291050845e-02,3.038083825807369465e-01,-2.993455694169477183e-02,-1.981718121237626209e-02,3.753927094370983486e-01,-9.942070823383761247e-02,-4.853861664734017943e-03,2.973361552200333713e-01,-1.437842222981632230e-02,1.629205150813966760e-02,3.050546991951422204e-01,-1.842070311644696673e-02,2.425819219723463274e-02,3.035449768622789923e-01,-2.441837300216603834e-02,2.646775017057502108e-02,3.037394041398559508e-01,-2.647825892442947152e-02
2.410281697632782327e-01,3.912235713422584915e-01,-3.279828415272942332e-01,1.903905092550211078e-02,3.771598288542172828e-01,-2.138378235663289662e-01,2.121255440637260375e-02,3.203573763482273629e-01,-7.344958921332116197e-02,2.654624521405815965e-02,3.194377254403538147e-01,-3.981232719421597122e-02,2.833648192442241726e-02,3.187181912983801935e-01,-3.166410218851609115e-02,-1.773179154618154812e-02,3.881676458338299551e-01,-1.017262924191598000e-01,-3.200831344475929020e-03,3.116377414246781496e-01,-1.611964348366701216e-02,1.799473419762522702e-02,3.196816020271814329e-01,-2.013362901429865265e-02,2.593839188891267772e-02,3.183202709732887992e-01,-2.609935183728350275e-02,2.814454216593520811e-02,3.185568687976528257e-01,-2.815510289281845588e-02
2.428716040725490410e-01,3.978120588881663422e-01,-3.299659502250132381e-01,2.000341920602691226e-02,3.874409147995260816e-01,-2.152813798468180551e-01,2.292836131444724035e-02,3.350223778153819110e-01,-7.547277899978510618e-02,2.806685347778609119e-02,3.337906400578000699e-01,-4.141444089964096270e-02,3.004396447593432953e-02,3.336280000160234960e-01,-3.339364743533741048e-02,-1.560911387941103096e-02,4.009310602171535787e-01,-1.040675294030335707e-01,-1.502858503394769374e-03,3.261960784939621494e-01,-1.790686237083337351e-02,1.974616740552557689e-02,3.343805912396901614e-01,-2.189536424117306812e-02,2.766827986909112941e-02,3.332625430567667801e-01,-2.783002527399691672e-02,2.987125647763378550e-02,3.334912285620387218e-01,-2.988186951889285764e-02
2.447150383818198494e-01,4.044005464340741929e-01,-3.319490589227321875e-01,2.096778748655170332e-02,3.977220007448346029e-01,-2.167249361273071440e-01,2.464416822252187000e-02,3.496873792825363481e-01,-7.749596878624900875e-02,2.958746174151400884e-02,3.481435546752462140e-01,-4.301655460506594725e-02,3.175144702744622793e-02,3.485378087336666320e-01,-3.512319268215870899e-02,-1.344914821206472100e-02,4.136829525870687752e-01,-1.064444191854588551e-01,2.400568585094600487e-04,3.410111664278852039e-01,-1.974007889131540808e-02,2.154635113184069639e-02,3.491516668326678507e-01,-2.370590879707020968e-02,2.944785613776997740e-02,3.483717931127129352e-01,-2.961039331230628027e-02,3.164789310567073938e-02,3.485424834330137500e-01,-3.165855880265266292e-02
2.465584726910906854e-01,4.109890339799820436e-01,-3.339321676204512479e-01,2.193215576707650133e-02,4.080030866901432907e-01,-2.181684924077962606e-01,2.635997513059650660e-02,3.643523807496908407e-01,-7.951915857271293908e-02,3.110807000524194038e-02,3.624964692926925247e-01,-4.461866831049094567e-02,3.345892957895813674e-02,3.634476174513099345e-01,-3.685273792898002831e-02,-1.125189454414261131e-02,4.264233229435765438e-01,-1.088569617664357503e-01,2.027914741236773368e-03,3.560830052264473133e-01,-2.161929304511311933e-02,2.339528537657062021e-02,3.639948288061152226e-01,-2.556526268199011201e-02,3.127712069494925640e-02,3.636480211411274310e-01,-3.144045595221160727e-02,3.347445205004607321e-02,3.637106334105779104e-01,-3.348517074409788907e-02
2.484019070003615215e-01,4.175775215258899498e-01,-3.359152763181701973e-01,2.289652404760130627e-02,4.182841726354521450e-01,-2.196120486882854050e-01,2.807578203867114666e-02,3.790173822168453333e-01,-8.154234835917688329e-02,3.293884448826862182e-02,3.773026789177720275e-01,-4.653605918540084513e-02,3.532237100636524685e-02,3.785752127362896347e-01,-3.873888807478374774e-02,-9.017352875644698423e-03,4.391521712866760518e-01,-1.113051571459642286e-01,3.860715144787167739e-03,3.714115948896488106e-01,-2.354450483222651422e-02,2.529297013971533448e-02,3.789100771600318884e-01,-2.747342589593274736e-02,3.315918407983352301e-02,3.790524430002300549e-01,-3.332331999258655170e-02,3.535132592629554316e-02,3.789820223985525538e-01,-3.536209781059632129e-02
2.502453413096323298e-01,4.241660090717978560e-01,-3.378983850158892022e-01,2.386089232812610428e-02,4.285652585807607773e-01,-2.210556049687744662e-01,2.979158894674579020e-02,3.936823836839998814e-01,-8.356553814564082749e-02,3.507978519059413991e-02,3.925621835504854995e-01,-4.876872722979579133e-02,3.734177130966753744e-02,3.939205945886058435e-01,-4.078164311956986726e-02,-6.745523206570989277e-03,4.518694976163675769e-01,-1.137890053240442345e-01,5.738458069160633918e-03,3.869969354174893073e-01,-2.551571425265558579e-02,2.723940542127484613e-02,3.938974118944179592e-01,-2.943039843889812615e-02,3.509404651355761684e-02,3.944460820020363467e-01,-3.525898268025827453e-02,3.727851462916425412e-02,3.942865466354110171e-01,-3.728933980063506987e-02
2.520887756189031381e-01,4.307544966177057622e-01,-3.398814937136082071e-01,2.482526060865090575e-02,4.388463445260695206e-01,-2.224991612492636106e-01,3.150739585482042332e-02,4.083473851511543740e-01,-8.558872793210475782e-02,3.722072589291965800e-02,4.078216881831988605e-01,-5.100139527419070284e-02,3.936117161296982803e-02,4.092659764409219969e-01,-4.282439816435597985e-02,-4.436405536921480403e-03,4.645753019326511191e-01,-1.163085063006758513e-01,7.661143514357176242e-03,4.028390268099690807e-01,-2.753292130640034099e-02,2.923459122124914475e-02,4.089568330092732684e-01,-3.143618031088624837e-02,3.707859753062854591e-02,4.098213967256644774e-01,-3.724433629862880513e-02,3.925562550803148726e-02,4.096144942968230063e-01,-3.926650417967539330e-02
2.539322099281740019e-01,4.373429841636136128e-01,-3.418646024113272119e-01,2.578962888917570376e-02,4.491274304713781529e-01,-2.239427175297526995e-01,3.322320276289506685e-02,4.230123866183089221e-01,-8.761191771856867427e-02,3.936166659524517608e-02,4.230811928159122770e-01,-5.323406331858564211e-02,4.138057191627212555e-02,4.246113582932382613e-01,-4.486715320914209937e-02,-2.089999866696152283e-03,4.772695842355270113e-01,-1.188636600758590650e-01,9.628771480376798614e-03,4.189378690670879091e-01,-2.959612599346076595e-02,3.127852753963822341e-02,4.240883405045979826e-01,-3.349077151189709667e-02,3.911283713104634491e-02,4.251783871711143359e-01,-3.927938084769816429e-02,4.128265856289728419e-02,4.249658653827887433e-01,-4.129359094771734712e-02
2.557756442374448103e-01,4.439314717095215190e-01,-3.438477111090463278e-01,2.675399716970050176e-02,4.594085164166868962e-01,-2.253862738102418162e-01,3.493900967096969651e-02,4.376773880854633036e-01,-8.963510750503259072e-02,4.150260729757067335e-02,4.383406974486255825e-01,-5.546673136298055362e-02,4.339997221957439533e-02,4.399567401455543036e-01,-4.690990825392820501e-02,2.936938041049424976e-04,4.899523445249944764e-01,-1.214544666495938202e-01,1.164134196721948108e-02,4.352934621888457922e-01,-3.170532831383685024e-02,3.337121437644209598e-02,4.392919343803919907e-01,-3.559417204193068840e-02,4.119676531481100690e-02,4.405170533383862552e-01,-4.136411632746636591e-02,4.335961379376158942e-02,4.403406598933078397e-01,-4.337060010476086191e-02
2.576190785467156741e-01,4.505199592554294807e-01,-3.458308198067653327e-01,2.771836545022529630e-02,4.696896023619955285e-01,-2.268298300907308773e-01,3.665481657904432616e-02,4.523423895526177962e-01,-9.165829729149652105e-02,4.364354799989619837e-02,4.536002020813389435e-01,-5.769939940737547901e-02,4.541937252287669979e-02,4.553021219978705680e-01,-4.895266329871433147e-02,2.714675475481848500e-03,5.026235828010541251e-01,-1.240809260218801169e-01,1.369885497488525228e-02,4.519058061752430078e-01,-3.386052826752863898e-02,3.551265173166075900e-02,4.545676146366552373e-01,-3.774638190098702356e-02,4.333038208192251106e-02,4.558373952274800134e-01,-4.349854273793338916e-02,4.548649120062446538e-02,4.557388778283806285e-01,-4.549753165080600015e-02
2.594625128559864824e-01,4.571084468013372759e-01,-3.478139285044842266e-01,2.868273373075010471e-02,4.799706883073042718e-01,-2.282733863712200217e-01,3.837062348711896970e-02,4.670073910197723444e-01,-9.368148707796045138e-02,4.578448870222170952e-02,4.688597067140523045e-01,-5.993206745177040440e-02,4.751686122535859341e-02,4.706173319706817848e-01,-5.107361300064460624e-02,5.172945147434557592e-03,5.152832990637059574e-01,-1.267430381927180383e-01,1.580131050337409485e-02,4.687749010262793337e-01,-3.606172585453609053e-02,3.770283960529422634e-02,4.699153812733880553e-01,-3.994740108906610909e-02,4.551368743238088516e-02,4.711394128383955549e-01,-4.568266007909924098e-02,4.766348624706122361e-02,4.711564876615859099e-01,-4.767458075339325169e-02
2.613059471652573462e-01,4.636969343472451821e-01,-3.497970372022033425e-01,2.964710201127490619e-02,4.902517742526130151e-01,-2.297169426517091106e-01,4.008643039519361323e-02,4.816723924869269480e-01,-9.570467686442439559e-02,4.792542940454722761e-02,4.841192113467657210e-01,-6.216473549616533673e-02,4.984861512537937939e-02,4.858420263049790799e-01,-5.342914667400746470e-02,7.668502819963061642e-03,5.279314933129496401e-01,-1.294408031621075428e-01,1.794870855268602614e-02,4.859007467419548254e-01,-3.830892107485922571e-02,3.994177799734245637e-02,4.853352342905900563e-01,-4.219722960616791724e-02,4.774668136618612224e-02,4.864231061711332127e-01,-4.791646835096394219e-02,4.989098977805677543e-02,4.865328507488428933e-01,-4.990213758725352278e-02
2.631493814745281545e-01,4.702854218931530883e-01,-3.517801458999223474e-01,3.061147029179969725e-02,5.005328601979216474e-01,-2.311604989321981996e-01,4.180223730326825676e-02,4.963373939540814406e-01,-9.772786665088833979e-02,5.006637010687274569e-02,4.993787159794790820e-01,-6.439740354056025518e-02,5.218036902540017230e-02,5.010667206392762640e-01,-5.578468034737031622e-02,1.020134849306736716e-02,5.405681655487855064e-01,-1.321742209300485471e-01,2.014104912282102533e-02,5.032833433222693165e-01,-4.060211392849803064e-02,4.222946690780550461e-02,5.008271736882614622e-01,-4.449586745229248269e-02,5.002936388333820844e-02,5.016884752256924873e-01,-5.019996755352745116e-02,5.216841535358558019e-02,5.018485163146720884e-01,-5.217961655355513734e-02
2.649928157837989628e-01,4.768739094390609390e-01,-3.537632545976412968e-01,3.157583857232450220e-02,5.108139461432303907e-01,-2.326040552126873440e-01,4.351804421134288642e-02,5.110023954212359332e-01,-9.975105643735225625e-02,5.220731080919825684e-02,5.146382206121925540e-01,-6.663007158495518056e-02,5.451212292542097215e-02,5.162914149735734481e-01,-5.814021402073318162e-02,1.277148216674748281e-02,5.531933157712132232e-01,-1.349432914965412178e-01,2.237833221377910284e-02,5.209226907672231954e-01,-4.294130441545252613e-02,4.456590633668332940e-02,5.163911994664023286e-01,-4.684331462743978464e-02,5.236173498383715069e-02,5.169355200020737673e-01,-5.253315768678979564e-02,5.449576297364767952e-02,5.171034843590736063e-01,-5.450701765229814394e-02
2.668362500930697712e-01,4.834623969849687897e-01,-3.557463632953602461e-01,3.254020685284929326e-02,5.210950320885390230e-01,-2.340476114931764606e-01,4.523385111941752301e-02,5.256673968883903703e-01,-1.017742462238161866e-01,5.434825151152376799e-02,5.298977252449058595e-01,-6.886273962935010595e-02,5.684387682544175813e-02,5.315161093078706323e-01,-6.049574769409603314e-02,1.537890384100336870e-02,5.658069439802329015e-01,-1.377480148615853883e-01,2.466055782556023784e-02,5.388187890768160182e-01,-4.532649253572267750e-02,4.695109628397592383e-02,5.320273116250122669e-01,-4.923957113160978838e-02,5.474379466768295593e-02,5.321642405002767751e-01,-5.491603875075097563e-02,5.687303263824305261e-02,5.322977548820472249e-01,-5.688434088348248707e-02
2.686796844023405795e-01,4.900508845308766404e-01,-3.577294719930792510e-01,3.350457513337409821e-02,5.313761180338477663e-01,-2.354911677736655495e-01,4.694965802749215267e-02,5.403323983555448073e-01,-1.037974360102801030e-01,5.648919221384927913e-02,5.451572298776192760e-01,-7.109540767374503134e-02,5.917563072546255104e-02,5.467408036421680384e-01,-6.285128136745889160e-02,1.802361351583507340e-02,5.784090501758445413e-01,-1.405883910251811142e-01,2.698772595816446851e-02,5.569716382510481179e-01,-4.775767828930851944e-02,4.938503674968333645e-02,5.477355101640917212e-01,-5.168463696480257719e-02,5.717554293487561029e-02,5.473746367203017327e-01,-5.734861074541097031e-02,5.930022434737172721e-02,5.474313278835933883e-01,-5.931158624710823613e-02
2.705231187116113878e-01,4.966393720767845466e-01,-3.597125806907982559e-01,3.446894341389889621e-02,5.416572039791563986e-01,-2.369347240541546384e-01,4.866546493556678232e-02,5.549973998226992444e-01,-1.058206257967440195e-01,5.863013291617479028e-02,5.604167345103325815e-01,-7.332807571813995673e-02,6.150738462548332314e-02,5.619654979764650005e-01,-6.520681504082172231e-02,2.070561119124257263e-02,5.909996343580484757e-01,-1.434644199873284787e-01,2.935983661159177402e-02,5.753812382899192723e-01,-5.023486167621003806e-02,5.186772773380552565e-02,5.635157950836403584e-01,-5.417851212701808861e-02,5.965697978541513458e-02,5.625667086621487512e-01,-5.983087367076982133e-02,6.177733810103364087e-02,5.625042033637112082e-01,-6.178875374317530089e-02
2.723665530208822516e-01,5.032278596226924527e-01,-3.616956893885172608e-01,3.794778213733041722e-02,5.502055914574417450e-01,-2.407496251163389889e-01,5.164254225756025052e-02,5.675922755530580233e-01,-1.090858154341264180e-01,6.139808949348310452e-02,5.744791600058489767e-01,-7.618464787887170575e-02,6.415191280580975763e-02,5.765717696481150734e-01,-6.787470519643665212e-02,2.342489686722587852e-02,6.035786965268442605e-01,-1.463761017480273707e-01,3.212424934761302919e-02,5.908779359695101041e-01,-5.308685402405098619e-02,5.444733390545207496e-02,5.787908164919546294e-01,-5.676785025859840128e-02,6.219429079670849708e-02,5.776099093146425112e-01,-6.236895078983576562e-02,6.430515223489960408e-02,5.774718735820673077e-01,-6.431661961351607670e-02
2.742099873301530599e-01,5.098163471686003589e-01,-3.636787980862362657e-01,4.142662086076194516e-02,5.587539789357272024e-01,-2.445645261785234226e-01,5.461961957955370484e-02,5.801871512834166911e-01,-1.123510050715088165e-01,6.416604607079140488e-02,5.885415855013652608e-01,-7.904122003960346865e-02,6.679644098613615744e-02,5.911780413197647022e-01,-7.054259535205151255e-02,2.618147054378498415e-02,6.161462366822322290e-01,-1.493234363072779014e-01,3.493448056511895550e-02,6.061172755732426864e-01,-5.598352560064876610e-02,5.707572663419430148e-02,5.938516724670043212e-01,-5.940592925605838598e-02,6.478129060130168038e-02,5.924865921374253830e-01,-6.495671530849492226e-02,6.688288827804846071e-02,5.923040749426123908e-01,-6.689440736013774202e-02
2.760534216394238682e-01,5.164048347145082651e-01,-3.656619067839552706e-01,4.490545958419346617e-02,5.673023664140126598e-01,-2.483794272407077730e-01,5.759669690154717303e-02,5.927820270137755809e-01,-1.156161947088912290e-01,6.693400264809971911e-02,6.026040109968814340e-01,-8.189779220033518992e-02,6.944096916646255724e-02,6.057843129914145530e-01,-7.321048550766640073e-02,2.897533222091987909e-02,6.287022548242121589e-01,-1.523064236650799597e-01,3.779053026410960497e-02,6.210992571011175745e-01,-5.892487640600340554e-02,5.975290592003219131e-02,6.086983630087904329e-01,-6.209274911939806352e-02,6.741797919919469140e-02,6.071967571304978106e-01,-6.759416722674731204e-02,6.951054623048029402e-02,6.070008074453471236e-01,-6.952211698304029686e-02
2.778968559486947321e-01,5.229933222604160603e-01,-3.676450154816742755e-01,4.838429830762498718e-02,5.758507538922981173e-01,-2.521943283028921234e-01,6.057377422354064817e-02,6.053769027441343598e-01,-1.188813843462736553e-01,6.970195922540801947e-02,6.166664364923977182e-01,-8.475436436106693894e-02,7.208549734678897092e-02,6.203905846630644039e-01,-7.587837566328127503e-02,3.180648189863059111e-02,6.412467509527839393e-01,-1.553250638214335733e-01,4.069239844458499150e-02,6.358238805531349902e-01,-6.191090644011496696e-02,6.247887176296579304e-02,6.233308881173125204e-01,-6.482830984861742696e-02,7.010435659038757872e-02,6.217404042938597941e-01,-7.028130654459294191e-02,7.218812609219506238e-02,6.215620710902711732e-01,-7.219974848222378283e-02
2.797402902579655404e-01,5.295818098063239665e-01,-3.696281241793932804e-01,5.186313703105652206e-02,5.843991413705834637e-01,-2.560092293650765294e-01,6.355085154553410942e-02,6.179717784744931386e-01,-1.221465739836560538e-01,7.246991580271633371e-02,6.307288619879141134e-01,-8.761093652179868796e-02,7.473002552711537072e-02,6.349968563347141437e-01,-7.854626581889614934e-02,3.467491957691708204e-02,6.537797250679477923e-01,-1.583793567763387700e-01,4.364008510654508732e-02,6.502911459292944896e-01,-6.494161570298338793e-02,6.525362416299505808e-02,6.377492477925708059e-01,-6.761261144371649712e-02,7.284042277488028683e-02,6.361175336275112224e-01,-7.301813326203181187e-02,7.491562786319282130e-02,6.359878658773849835e-01,-7.492730185768818607e-02
2.815837245672363487e-01,5.361702973522318727e-01,-3.716112328771122852e-01,5.534197575448804307e-02,5.929475288488688101e-01,-2.598241304272608798e-01,6.652792886752757762e-02,6.305666542048518064e-01,-1.254117636210384523e-01,7.523787238002462019e-02,6.447912874834302865e-01,-9.046750868253042310e-02,7.737455370744177052e-02,6.496031280063639946e-01,-8.121415597451103752e-02,3.758064525577937964e-02,6.663011771697038288e-01,-1.614693025297955775e-01,4.663359024998989938e-02,6.645010532295961836e-01,-6.801700419460865454e-02,6.807716312011999338e-02,6.519534420345649561e-01,-7.044565390469521848e-02,7.562617775267284348e-02,6.503281451314522066e-01,-7.580464737906389416e-02,7.769305154347351527e-02,6.502781918066884437e-01,-7.770477710943352045e-02
2.834271588765072125e-01,5.427587848981397789e-01,-3.735943415748312901e-01,5.882081447791957102e-02,6.014959163271543785e-01,-2.636390314894452858e-01,6.950500618952104581e-02,6.431615299352105852e-01,-1.286769532584208509e-01,7.800582895733293443e-02,6.588537129789465707e-01,-9.332408084326217212e-02,8.025396322382792602e-02,6.634161951163859428e-01,-8.411600788957040997e-02,4.052365893521749085e-02,6.788111072580519378e-01,-1.645949010818039404e-01,4.967291387491946236e-02,6.784536024540406274e-01,-7.113707191499088478e-02,7.094948863434065445e-02,6.659434708432951933e-01,-7.332743723155367432e-02,7.846162152376522092e-02,6.643722388056826356e-01,-7.864084889568921655e-02,8.052097812166428281e-02,6.644082955547571112e-01,-8.053275306027228575e-02
2.852705931857780208e-01,5.493472724440476851e-01,-3.755774502725503505e-01,6.229965320135105733e-02,6.100443038054397249e-01,-2.674539325516296362e-01,7.248208351151447237e-02,6.557564056655692530e-01,-1.319421428958032216e-01,8.077378553464120703e-02,6.729161384744627439e-01,-9.618065300399389339e-02,8.321166651890068988e-02,6.769648607058654788e-01,-8.709584705777798086e-02,4.350396061523134628e-02,6.913095153329916753e-01,-1.677561524323638031e-01,5.275805598133369301e-02,6.921487936026269328e-01,-7.430181886412992598e-02,7.387060070565691638e-02,6.797193342187615173e-01,-7.625796142429172586e-02,8.134675408815739139e-02,6.782498146502021763e-01,-8.152673781190773739e-02,8.339902013042620188e-02,6.783374344497727915e-01,-8.341084358507028229e-02
2.871140274950487736e-01,5.559357599899554803e-01,-3.775605589702692999e-01,6.577849192478257834e-02,6.185926912837250713e-01,-2.712688336138140421e-01,7.545916083350795445e-02,6.683512813959280319e-01,-1.352073325331856202e-01,8.354174211194950739e-02,6.869785639699790281e-01,-9.903722516472562853e-02,8.616936981397348150e-02,6.905135262953451258e-01,-9.007568622598557950e-02,4.652155029582105694e-02,7.037964013945237074e-01,-1.709530565814753600e-01,5.588901656923266764e-02,7.055866266753556548e-01,-7.751124504202586141e-02,7.684049933406891797e-02,6.932810321609638171e-01,-7.923722648290955350e-02,8.428157544584947980e-02,6.919608726650117170e-01,-8.446231412771952607e-02,8.632698388665688283e-02,6.920656817584818210e-01,-8.633885570813873422e-02
2.889574618043196930e-01,5.625242475358634975e-01,-3.795436676679883603e-01,6.925733064821409934e-02,6.271410787620104177e-01,-2.750837346759983371e-01,7.843623815550140876e-02,6.809461571262868107e-01,-1.384725221705680465e-01,8.630969868925782162e-02,7.010409894654953122e-01,-1.018937973254573637e-01,8.912707310904628699e-02,7.040621918848248839e-01,-9.305552539419320590e-02,4.957642797698654652e-02,7.162717654426477010e-01,-1.741856135291384167e-01,5.906579563861633769e-02,7.187671016722267936e-01,-8.076535044867867719e-02,7.985918451957657593e-02,7.066285646699023149e-01,-8.226523240740704623e-02,8.726608559684138899e-02,7.055054128501107025e-01,-8.744757784312455484e-02,8.930486939035624239e-02,7.055930374808838668e-01,-8.931678942947754440e-02
2.908008961135905013e-01,5.691127350817712927e-01,-3.815267763657073097e-01,7.273616937164563423e-02,6.356894662402958751e-01,-2.788986357381827430e-01,8.141331547749487696e-02,6.935410328566455895e-01,-1.417377118079504450e-01,8.907765526656612198e-02,7.151034149610115964e-01,-1.047503694861891127e-01,9.208477640411907861e-02,7.176108574743045310e-01,-9.603536456240079067e-02,5.266859365872786358e-02,7.287356074773641001e-01,-1.774538232753530842e-01,6.228839318948475867e-02,7.316902185932402380e-01,-8.406413508408840107e-02,8.292665626217995967e-02,7.197619317455767884e-01,-8.534197919778423180e-02,9.030028454113310510e-02,7.188834352054986887e-01,-9.048252895812275431e-02,9.233267664152430831e-02,7.189195016169791508e-01,-9.234464474908675446e-02
2.926443304228613096e-01,5.757012226276791989e-01,-3.835098850634263146e-01,7.621500809507715524e-02,6.442378537185813325e-01,-2.827135368003671489e-01,8.439039279948834515e-02,7.061359085870043684e-01,-1.450029014453328435e-01,9.184561184387442234e-02,7.291658404565278806e-01,-1.076069416469208756e-01,9.504247969919189798e-02,7.311595230637842890e-01,-9.901520373060841707e-02,5.579804734104493180e-02,7.411879274986719057e-01,-1.807576858201192516e-01,6.555680922183788895e-02,7.443559774383956551e-01,-8.740759894825497756e-02,8.604291456187898590e-02,7.326811333879874599e-01,-8.846746685404109634e-02,9.338417227872468362e-02,7.320949397311767859e-01,-9.356716747271424939e-02,9.541040564016102510e-02,7.320450741667670069e-01,-9.542242166696630890e-02
2.944877647321321179e-01,5.822897101735869940e-01,-3.854929937611453195e-01,7.969384681850869012e-02,6.527862411968667899e-01,-2.865284378625515549e-01,8.736747012148181335e-02,7.187307843173631472e-01,-1.482680910827152421e-01,9.493014415166532716e-02,7.418114110301488040e-01,-1.107723391979611727e-01,9.815696039743045109e-02,7.439890741996335599e-01,-1.021508225929971259e-01,5.896478902393785526e-02,7.536287255065722279e-01,-1.840972011634370853e-01,6.887104373567574933e-02,7.567643782076937109e-01,-9.079574204117844827e-02,8.920795941867368239e-02,7.453861695971339962e-01,-9.164169537617763983e-02,9.652081834975327623e-02,7.450877813852330167e-01,-9.670450847512086778e-02,9.853844162514344140e-02,7.449579199274277697e-01,-9.855050361228387401e-02
2.963311990414029817e-01,5.888781977194950112e-01,-3.874761024588643799e-01,8.317268554194021113e-02,6.613346286751520253e-01,-2.903433389247358498e-01,9.034454744347528155e-02,7.313256600477219260e-01,-1.515332807200976406e-01,9.833125218993894745e-02,7.530401266818750328e-01,-1.142465621393102398e-01,1.014282184988347935e-01,7.560995108818522326e-01,-1.054422211495669726e-01,6.216881870740653682e-02,7.660580015010642896e-01,-1.874723693053065021e-01,7.223109673099836758e-02,7.689154209011341834e-01,-9.422856436285884096e-02,9.242179083256409078e-02,7.578770403730167304e-01,-9.486466476419389005e-02,9.971022222350353625e-02,7.577786224737316223e-01,-9.989454883242598893e-02,1.017167844254349418e-01,7.576159826502169015e-01,-1.017288903302240866e-01
2.981746333506737900e-01,5.954666852654029174e-01,-3.894592111565833847e-01,8.665152426537173214e-02,6.698830161534374827e-01,-2.941582399869203113e-01,9.332162476546874974e-02,7.439205357780807049e-01,-1.547984703574800669e-01,1.017323602282125955e-01,7.642688423336011505e-01,-1.177207850806592931e-01,1.046994766002391497e-01,7.682099475640710162e-01,-1.087336197061368193e-01,6.541013639145104586e-02,7.784757554821485348e-01,-1.908831902457274188e-01,7.563696820780563268e-02,7.808091055187166285e-01,-9.770606591329603074e-02,9.568440880355016942e-02,7.701537457156354405e-01,-9.813637501808981922e-02,1.029493141829331410e-01,7.701918288072713281e-01,-1.031342724121020460e-01,1.049450487451464159e-01,7.700170787883727774e-01,-1.049571983066809183e-01
3.000180676599445984e-01,6.020551728113107126e-01,-3.914423198543023341e-01,9.013036298880326702e-02,6.784314036317229402e-01,-2.979731410491046617e-01,9.629870208746220406e-02,7.565154115084394837e-01,-1.580636599948624654e-01,1.051334682664862019e-01,7.754975579853272682e-01,-1.211950080220083326e-01,1.079707347016434782e-01,7.803203842462897999e-01,-1.120250182627066660e-01,6.868874207607132687e-02,7.908819874498245195e-01,-1.943296639846999185e-01,7.908865816609764177e-02,7.924454320604412683e-01,-1.012282466924901148e-01,9.899581333163193220e-02,7.822162856249902374e-01,-1.014568261378654412e-01,1.062380942280421042e-01,7.823274003858524672e-01,-1.064236792141490390e-01,1.082232345842777804e-01,7.821612083418962857e-01,-1.082354275416543277e-01
3.018615019692154622e-01,6.086436603572187298e-01,-3.934254285520213945e-01,9.360920171223478803e-02,6.869797911100083976e-01,-3.017880421112890676e-01,9.927577940945567225e-02,7.691102872387982625e-01,-1.613288496322448640e-01,1.085345763047598500e-01,7.867262736370534970e-01,-1.246692309633573997e-01,1.112419928030478483e-01,7.924308209285085836e-01,-1.153164168192765404e-01,7.200463576126742149e-02,8.032766974040927987e-01,-1.978117905222239736e-01,8.258616660587442260e-02,8.038244005263087688e-01,-1.047951067004411485e-01,1.023560044168093930e-01,7.940646601010812322e-01,-1.048260181235207422e-01,1.095765623588303983e-01,7.941853372094747066e-01,-1.097627692385669956e-01,1.115513419428291603e-01,7.940483713107868713e-01,-1.115635780351443979e-01
3.037049362784862705e-01,6.152321479031265250e-01,-3.954085372497403439e-01,9.708804043566630904e-02,6.955281785882937440e-01,-3.056029431734733626e-01,1.022528567314491404e-01,7.817051629691569303e-01,-1.645940392696272903e-01,1.119356843430334703e-01,7.979549892887796148e-01,-1.281434539047064392e-01,1.145132509044522046e-01,8.045412576107273672e-01,-1.186078153758463871e-01,7.535781744703931584e-02,8.156598853449530395e-01,-2.013295698582996951e-01,8.612949352713587803e-02,8.149460109163181309e-01,-1.084066459371490071e-01,1.057649820590825102e-01,8.056988691439082029e-01,-1.082439509750557499e-01,1.129647185752980371e-01,8.057656392781380461e-01,-1.131515424853559021e-01,1.149293708208004167e-01,8.056785676950447561e-01,-1.149416497871510179e-01
3.055483705877570788e-01,6.218206354490343202e-01,-3.973916459474593488e-01,1.005668791590978300e-01,7.040765660665790904e-01,-3.094178442356577685e-01,1.052299340534426086e-01,7.943000386995158202e-01,-1.678592289070096888e-01,1.153367923813070905e-01,8.091837049405057325e-01,-1.316176768460554924e-01,1.178629883683275509e-01,8.162116177087443969e-01,-1.219770105918336067e-01,7.874828713338702380e-02,8.280315512724053528e-01,-2.048830019929269719e-01,8.971863892988204969e-02,8.258102632304699098e-01,-1.120628644026137738e-01,1.092227462584513115e-01,8.171189127534711494e-01,-1.117106246924704366e-01,1.164025628774450344e-01,8.170683065918425969e-01,-1.165899989545157722e-01,1.183575125654428989e-01,8.170476724272125457e-01,-1.183698330708710528e-01
3.073918048970279426e-01,6.284091229949423374e-01,-3.993747546451784092e-01,1.040457178825293649e-01,7.126249535448645478e-01,-3.132327452978421745e-01,1.082070113754360907e-01,8.068949144298747100e-01,-1.711244185443920873e-01,1.187379004195807386e-01,8.204124205922318502e-01,-1.350918997874045457e-01,1.214481639196160756e-01,8.265617480541563866e-01,-1.255795957860729728e-01,8.217604482031048985e-02,8.403916951864494056e-01,-2.084720869261056930e-01,9.335360281411295147e-02,8.364171574687637722e-01,-1.157637620968353792e-01,1.127292970149157691e-01,8.283247909297701828e-01,-1.152260392757647744e-01,1.198900952652713903e-01,8.280933391505883590e-01,-1.200781386460465922e-01,1.218361496464746702e-01,8.281182303585808979e-01,-1.218485081401124021e-01
3.092352392062986954e-01,6.349976105408500215e-01,-4.013578633428973030e-01,1.075245566059608443e-01,7.211733410231500052e-01,-3.170476463600264694e-01,1.111840886974295173e-01,8.194897901602331558e-01,-1.743896081817744581e-01,1.221390084578543034e-01,8.316411362439579680e-01,-1.385661227287535713e-01,1.250333394709045587e-01,8.369118783995685984e-01,-1.291821809803123111e-01,8.564109050780975563e-02,8.527403170870855309e-01,-2.120968246578360805e-01,9.703438517982850009e-02,8.467666936311997183e-01,-1.195093390198138233e-01,1.162846343284758971e-01,8.393165036728049699e-01,-1.187901947249387774e-01,1.234273157387770631e-01,8.388407369543749992e-01,-1.236159615599483202e-01,1.253647078872711096e-01,8.388850936832404903e-01,-1.253771039997330361e-01
3.110786735155695037e-01,6.415860980867579277e-01,-4.033409720406163079e-01,1.110033953293923653e-01,7.297217285014353516e-01,-3.208625474222108753e-01,1.141611660194229716e-01,8.320846658905919346e-01,-1.776547978191568566e-01,1.255401164961279514e-01,8.428698518956841967e-01,-1.420403456701026246e-01,1.286185150221930973e-01,8.472620087449806991e-01,-1.327847661745517049e-01,8.914342419588486277e-02,8.650774169743140618e-01,-2.157572151881180234e-01,1.007609860270288482e-01,8.568588717177785252e-01,-1.232995951715492311e-01,1.198887581991317369e-01,8.500940509825761771e-01,-1.224030910399925287e-01,1.270142242979620806e-01,8.493105000032031837e-01,-1.272034676962209843e-01,1.289431872878323004e-01,8.493482624011919890e-01,-1.289556206497330104e-01
3.129221078248403121e-01,6.481745856326658339e-01,-4.053240807383353128e-01,1.144822340528239002e-01,7.382701159797206980e-01,-3.246774484843952258e-01,1.171382433414164398e-01,8.446795416209507135e-01,-1.809199874565392829e-01,1.289412245344015717e-01,8.540985675474102035e-01,-1.455145686114516501e-01,1.322036905734816081e-01,8.576121390903930219e-01,-1.363873513687910988e-01,9.268304588453572801e-02,8.774029948481343322e-01,-2.194532585169515770e-01,1.045334053557139264e-01,8.666936917284995268e-01,-1.271345305520415192e-01,1.235416686268832748e-01,8.606574328590834710e-01,-1.260647282209259590e-01,1.306508209428264844e-01,8.595026282970723575e-01,-1.308406570548646952e-01,1.325715878481581733e-01,8.595077365124352831e-01,-1.325840580901123111e-01
3.147655421341111759e-01,6.547630731785736291e-01,-4.073071894360543732e-01,1.179610727762554212e-01,7.468185034580061554e-01,-3.284923495465796317e-01,1.201153206634099219e-01,8.572744173513096033e-01,-1.841851770939216815e-01,1.323423325726751920e-01,8.653272831991364322e-01,-1.489887915528007034e-01,1.357888661247701190e-01,8.679622694358050117e-01,-1.399899365630304926e-01,9.625995557376240686e-02,8.897170507085465641e-01,-2.231849546443366306e-01,1.083516431658836932e-01,8.762711536633627230e-01,-1.310141451612906183e-01,1.272433656117304968e-01,8.710066493023268519e-01,-1.297751062677390821e-01,1.343371056733702051e-01,8.694171218359827424e-01,-1.345275296358792727e-01,1.362499095682487560e-01,8.693635160169699283e-01,-1.362624163208709105e-01
3.166089764433819842e-01,6.613515607244816463e-01,-4.092902981337733226e-01,1.214399114996869422e-01,7.553668909362916128e-01,-3.323072506087639821e-01,1.230923979854033623e-01,8.698692930816682711e-01,-1.874503667313040800e-01,1.357434406109487846e-01,8.765559988508624389e-01,-1.524630144941497290e-01,1.393740416760586298e-01,8.783123997812171124e-01,-1.435925217572698309e-01,9.987415326356491319e-02,9.020195845555509795e-01,-2.269523035702733504e-01,1.122156994575381761e-01,8.855912575223681138e-01,-1.349384389992966393e-01,1.309938491536733751e-01,8.811417003123064307e-01,-1.335342251804318980e-01,1.380730784895932706e-01,8.790539806199345607e-01,-1.382640854392648277e-01,1.399781524481039652e-01,8.789156009147962578e-01,-1.399906953420087252e-01
3.184524107526528480e-01,6.679400482703895525e-01,-4.112734068314923830e-01,1.249187502231184632e-01,7.639152784145770703e-01,-3.361221516709483881e-01,1.274212715495030290e-01,8.748036387641451306e-01,-1.918657847767714364e-01,1.397834386431657805e-01,8.837809872542849998e-01,-1.565490375789310717e-01,1.432734919416315256e-01,8.866386437433586565e-01,-1.475059303497510688e-01,1.035256389539432054e-01,9.143105963891473564e-01,-2.307553052947615979e-01,1.161255742306774030e-01,8.946540033055159213e-01,-1.389074120660595546e-01,1.348411162700052512e-01,8.902892211324475724e-01,-1.373860187100198471e-01,1.418647972723036388e-01,8.882850880324761889e-01,-1.420562298451958361e-01,1.437570749300277617e-01,8.881338108596636971e-01,-1.437696485766377652e-01
3.202958450619236563e-01,6.745285358162974587e-01,-4.132565155292113324e-01,1.283975889465499842e-01,7.724636658928624167e-01,-3.399370527331327940e-01,1.317501451136028623e-01,8.797379844466221011e-01,-1.962812028222390426e-01,1.438234366753828319e-01,8.910059756577075607e-01,-1.606350606637124978e-01,1.471729422072044768e-01,8.949648877055003116e-01,-1.514193389422323344e-01,1.072144126448972973e-01,9.265900862093358059e-01,-2.345939598178014285e-01,1.200812674853013462e-01,9.034593910128059235e-01,-1.429210643615793641e-01,1.387371659553617020e-01,8.990797070711439298e-01,-1.412864552073458124e-01,1.457062004127632482e-01,8.971644961130527118e-01,-1.458980504075088891e-01,1.475859179832848533e-01,8.970109445231104761e-01,-1.475985219058748299e-01
3.221392793711944647e-01,6.811170233622052539e-01,-4.152396242269303372e-01,1.318764276699815052e-01,7.810120533711478741e-01,-3.437519537953171445e-01,1.360790186777026678e-01,8.846723301290990715e-01,-2.006966208677065933e-01,1.478634347075998834e-01,8.982309640611302326e-01,-1.647210837484938961e-01,1.510723924727774281e-01,9.032911316676419666e-01,-1.553327475347136000e-01,1.109404743364271612e-01,9.388580540161161059e-01,-2.384682671393927866e-01,1.240827792214099778e-01,9.120074206442380094e-01,-1.469793958858559846e-01,1.426819982097423944e-01,9.075131581283940596e-01,-1.452355346724095164e-01,1.495972879109722098e-01,9.056922048616633525e-01,-1.497895471262041256e-01,1.514646816078752956e-01,9.055470019051360397e-01,-1.514773153297198638e-01
3.239827136804653285e-01,6.877055109081131601e-01,-4.172227329246493421e-01,1.353552663934130262e-01,7.895604408494332205e-01,-3.475668548575014949e-01,1.404078922418025011e-01,8.896066758115760420e-01,-2.051120389131741717e-01,1.519034327398169348e-01,9.054559524645526825e-01,-1.688071068332752667e-01,1.549718427383503794e-01,9.116173756297836217e-01,-1.592461561271948933e-01,1.147038240285328664e-01,9.511144998094887004e-01,-2.423782272595357556e-01,1.281301094390033535e-01,9.202980921998129560e-01,-1.510824066388895826e-01,1.466756130331475227e-01,9.155895743041981838e-01,-1.492332571052110701e-01,1.535380597669303571e-01,9.138682142783089990e-01,-1.537307200012813513e-01,1.553933658037990606e-01,9.137419830057408321e-01,-1.554060288481728669e-01
3.258261479897361368e-01,6.942939984540211773e-01,-4.192058416223684025e-01,1.388341051168445750e-01,7.981088283277186779e-01,-3.513817559196859008e-01,1.447367658059023343e-01,8.945410214940529015e-01,-2.095274569586417224e-01,1.559434307720339863e-01,9.126809408679752433e-01,-1.728931299180566650e-01,1.588712930039233306e-01,9.199436195919252768e-01,-1.631595647196761589e-01,1.185044617212143575e-01,9.633594235894533675e-01,-2.463238401782303355e-01,1.322232581380814453e-01,9.283314056795299862e-01,-1.552300966206800192e-01,1.507180104255769482e-01,9.233089555985567465e-01,-1.532796225057504180e-01,1.575285159806378288e-01,9.216925243629888742e-01,-1.577215690327406494e-01,1.593719705710561207e-01,9.215958878249249642e-01,-1.593846624612338669e-01
3.276695822990069451e-01,7.008824859999288615e-01,-4.211889503200873519e-01,1.423129438402760960e-01,8.066572158060041353e-01,-3.551966569818703068e-01,1.490656393700021676e-01,8.994753671765300940e-01,-2.139428750041093563e-01,1.599834288042510377e-01,9.199059292713979152e-01,-1.769791530028381188e-01,1.627707432694963097e-01,9.282698635540670429e-01,-1.670729733121574245e-01,1.223423874144715928e-01,9.755928253560094410e-01,-2.503051058954763874e-01,1.363622253186442812e-01,9.361073610833892111e-01,-1.594224658312272946e-01,1.548091903870307540e-01,9.306713020114689705e-01,-1.573746308740275879e-01,1.615686565520945694e-01,9.291651351157030891e-01,-1.617620942205820200e-01,1.634004959096464482e-01,9.291087163626882139e-01,-1.634132161689028084e-01
3.295130166082777534e-01,7.074709735458368787e-01,-4.231720590178063568e-01,1.457917825637076170e-01,8.152056032842895927e-01,-3.590115580440547127e-01,1.533945129341019453e-01,9.044097128590070644e-01,-2.183582930495768792e-01,1.640234268364680892e-01,9.271309176748205871e-01,-1.810651760876195171e-01,1.669061778240637506e-01,9.349243185213513829e-01,-1.712192228306952113e-01,1.262176011083047111e-01,9.878147051091582531e-01,-2.543220244112741613e-01,1.405470109806918055e-01,9.436259584113905197e-01,-1.636595142705314920e-01,1.589491529175088846e-01,9.376766135429354110e-01,-1.615182822100425797e-01,1.656584814813005513e-01,9.362860465364520879e-01,-1.658522955648054908e-01,1.674795037200062231e-01,9.362634792837617459e-01,-1.674922475191281956e-01
3.313564509175486172e-01,7.140594610917447849e-01,-4.251551677155254172e-01,1.492706212871391380e-01,8.237539907625749391e-01,-3.628264591062390632e-01,1.577233864982018063e-01,9.093440585414840349e-01,-2.227737110950444577e-01,1.680634248686851129e-01,9.343559060782429260e-01,-1.851511991724008876e-01,1.711202738082961972e-01,9.410215104903504324e-01,-1.754430859912519680e-01,1.301301028027135598e-01,1.000025062848898472e+00,-2.583745957256233239e-01,1.447776151242240739e-01,9.508871976635344669e-01,-1.679412419385926114e-01,1.631378980170114235e-01,9.443248901929562900e-01,-1.657105765137953934e-01,1.697979907682557743e-01,9.430552586252353153e-01,-1.699921730654109508e-01,1.716086185846240897e-01,9.430469714622883304e-01,-1.716213839018962961e-01
3.331998852268194256e-01,7.206479486376526911e-01,-4.271382764132444221e-01,1.527494600105706313e-01,8.323023782408602855e-01,-3.666413601684234136e-01,1.620522600623015563e-01,9.142784042239610054e-01,-2.271891291405119806e-01,1.721034229009021366e-01,9.415808944816654869e-01,-1.892372222571822582e-01,1.753343697925285605e-01,9.471187024593492598e-01,-1.796669491518086414e-01,1.340798924976982220e-01,1.012223898575231207e+00,-2.624628198385241529e-01,1.490540377492410029e-01,9.578910788398207199e-01,-1.722676488354105140e-01,1.673754256855382316e-01,9.506161319615307193e-01,-1.699515137852860014e-01,1.739871844129602663e-01,9.494727713820529935e-01,-1.741817267223984833e-01,1.757876530866085418e-01,9.494613515315429852e-01,-1.758004393376934871e-01
3.350433195360902339e-01,7.272364361835603752e-01,-4.291213851109633159e-01,1.562282987340021523e-01,8.408507657191457429e-01,-3.704562612306077640e-01,1.663811336264013896e-01,9.192127499064377538e-01,-2.316045471859795035e-01,1.761434209331191603e-01,9.488058828850880477e-01,-1.933232453419636565e-01,1.795484657767610071e-01,9.532158944283481983e-01,-1.838908123123654259e-01,1.380669701932586979e-01,1.024411212288155681e+00,-2.665866967499765927e-01,1.533762788557426759e-01,9.646376019402489455e-01,-1.766387349609852830e-01,1.716617359230895312e-01,9.565503388486598091e-01,-1.742410940245144868e-01,1.782260624154140272e-01,9.555385848069055665e-01,-1.784209565357681437e-01,1.800166072259598293e-01,9.555066194915258215e-01,-1.800294138265199351e-01
3.368867538453610422e-01,7.338249237294682814e-01,-4.311044938086823208e-01,1.597071374574336733e-01,8.493991531974310893e-01,-3.742711622927921145e-01,1.707100071905012229e-01,9.241470955889150574e-01,-2.360199652314471375e-01,1.801834189653362117e-01,9.560308712885106086e-01,-1.974092684267450548e-01,1.837625617609934536e-01,9.593130863973471367e-01,-1.881146754729221549e-01,1.420913358893949874e-01,1.036587003987672340e+00,-2.707462264599805879e-01,1.577443384437291207e-01,9.711267669648198098e-01,-1.810545003153170573e-01,1.759968287296651279e-01,9.621275108543426713e-01,-1.785793172314807387e-01,1.825146247756171125e-01,9.612526988997923683e-01,-1.827098625055198766e-01,1.842954810026777024e-01,9.611827753422363951e-01,-1.843083073683753903e-01
3.387301881546319060e-01,7.404134112753762986e-01,-4.330876025064014367e-01,1.631859761808652221e-01,8.579475406757165468e-01,-3.780860633549765204e-01,1.750388807546010284e-01,9.290814412713919168e-01,-2.404353832769146881e-01,1.842234169975532632e-01,9.632558596919332805e-01,-2.014952915115264809e-01,1.879766577452258725e-01,9.654102783663460752e-01,-1.923385386334788838e-01,1.461529895861070627e-01,1.048751273673780959e+00,-2.749414089685361384e-01,1.621582165132001985e-01,9.773585739135326467e-01,-1.855149448984056426e-01,1.803807041052650495e-01,9.673476479785797499e-01,-1.829661834061848680e-01,1.868528714935693835e-01,9.666151136607135097e-01,-1.870484446316536264e-01,1.886242744167623830e-01,9.664898190836751501e-01,-1.886371199632601026e-01
3.405736224639027698e-01,7.470018988212840938e-01,-4.350707112041203861e-01,1.666648149042967431e-01,8.664959281540021152e-01,-3.819009644171609263e-01,1.793677543187008616e-01,9.340157869538689983e-01,-2.448508013223822666e-01,1.885859338775644489e-01,9.681254815393983693e-01,-2.058841679584106354e-01,1.923482781942573161e-01,9.703195223507568024e-01,-1.967174323086282872e-01,1.502519312833949239e-01,1.060904021346481541e+00,-2.791722442756432443e-01,1.666179130641561035e-01,9.833330227863881223e-01,-1.900200687102510944e-01,1.848133620498894070e-01,9.722107502213711561e-01,-1.874016925486268192e-01,1.912437553003280277e-01,9.715712241308938069e-01,-1.914395494875786585e-01,1.930033558170468067e-01,9.714191117783379514e-01,-1.930162165074903180e-01
3.424170567731735781e-01,7.535903863671920000e-01,-4.370538199018394465e-01,1.701436536277282641e-01,8.750443156322874616e-01,-3.857158654793452768e-01,1.836966278828006671e-01,9.389501326363460798e-01,-2.492662193678498173e-01,1.932709696053698245e-01,9.706397368309062079e-01,-2.105758977673975740e-01,1.968774231080877568e-01,9.740408183505795403e-01,-2.012513564983703096e-01,1.543881609812586264e-01,1.073045247005774305e+00,-2.834387323813019610e-01,1.711234280965966692e-01,9.890501135833855706e-01,-1.945698717508534126e-01,1.892948025635380616e-01,9.767168175827165566e-01,-1.918858446588065647e-01,1.956872688913301184e-01,9.760932591709616801e-01,-1.958831673408804874e-01,1.974327241855322046e-01,9.759566356639243212e-01,-1.974455959033936669e-01
3.442604910824443865e-01,7.601788739130999062e-01,-4.390369285995584514e-01,1.736224923511597851e-01,8.835927031105728080e-01,-3.895307665415296827e-01,1.880255014469005004e-01,9.438844783188229393e-01,-2.536816374133173957e-01,1.979560053331751723e-01,9.731539921224140466e-01,-2.152676275763845404e-01,2.014065680219181975e-01,9.777621143504022783e-01,-2.057852806881123320e-01,1.585616786796980870e-01,1.085174950651658810e+00,-2.877408732855122331e-01,1.756747616105220067e-01,9.945098463045256576e-01,-1.991643540202126805e-01,1.938250256462111243e-01,9.808658500626157295e-01,-1.964186397367241599e-01,2.001804571006650657e-01,9.802265666932385990e-01,-2.003764483740123892e-01,2.019120108340528297e-01,9.801063570905046429e-01,-2.019248928887633077e-01
3.461039253917151948e-01,7.667673614590077014e-01,-4.410200372972773453e-01,1.771013310745913061e-01,8.921410905888582654e-01,-3.933456676037140332e-01,1.923543750110003336e-01,9.488188240013000208e-01,-2.580970554587849741e-01,2.026410410609804924e-01,9.756682474139218852e-01,-2.199593573853714790e-01,2.059357129357486660e-01,9.814834103502251272e-01,-2.103192048778543544e-01,1.627724843787133613e-01,1.097293132284135497e+00,-2.920786669882740605e-01,1.802719136059320049e-01,9.997122209498077172e-01,-2.038035155183287872e-01,1.984040312979084564e-01,9.846578476610693409e-01,-2.010000777823795493e-01,2.047233199283331473e-01,9.839711466977257848e-01,-2.049193925869746136e-01,2.064412157626086819e-01,9.838682760580792497e-01,-2.064541074635991846e-01
3.479473597009860031e-01,7.733558490049156076e-01,-4.430031459949964057e-01,1.805801697980228271e-01,9.006894780671437228e-01,-3.971605686658984391e-01,1.966832485751001391e-01,9.537531696837771023e-01,-2.625124735042525526e-01,2.073260767887858402e-01,9.781825027054297239e-01,-2.246510871943584176e-01,2.104648578495790789e-01,9.852047063500477542e-01,-2.148531290675963490e-01,1.670205780783044491e-01,1.109399791903204369e+00,-2.964521134895874988e-01,1.849148840828266915e-01,1.004657237519231971e+00,-2.084873562452017326e-01,2.030318195186301966e-01,9.880928103780766136e-01,-2.056301587957726773e-01,2.093158573743339190e-01,9.873269991844213500e-01,-2.095119999797667443e-01,2.110203389711997335e-01,9.872423925666476974e-01,-2.110332396279012146e-01
3.497907940102568114e-01,7.799443365508235138e-01,-4.449862546927153550e-01,1.840590085214543759e-01,9.092378655454291803e-01,-4.009754697280828450e-01,2.010121221391999446e-01,9.586875153662539617e-01,-2.669278915497201310e-01,2.120111125165912158e-01,9.806967579969375626e-01,-2.293428170033453561e-01,2.149940027634095197e-01,9.889260023498704921e-01,-2.193870532573383436e-01,1.713059597784713506e-01,1.121494929508865201e+00,-3.008612127894524924e-01,1.896036730412061500e-01,1.009344896012799309e+00,-2.132158762008316277e-01,2.077083903083763450e-01,9.911707382136384359e-01,-2.103088827769037938e-01,2.139580694386675752e-01,9.902941241533258498e-01,-2.141542705523889478e-01,2.156493804598259845e-01,9.902287066162100970e-01,-2.156622893816695363e-01
3.516342283195276752e-01,7.865328240967314199e-01,-4.469693633904344154e-01,1.875378472448858691e-01,9.177862530237144156e-01,-4.047903707902671400e-01,2.053409957032997779e-01,9.636218610487311542e-01,-2.713433095951877094e-01,2.166961482443965359e-01,9.832110132884452902e-01,-2.340345468123323225e-01,2.196020179738519540e-01,9.920311860030616158e-01,-2.239983858283566831e-01,1.756286294792140101e-01,1.133578545101117996e+00,-3.053059648878690968e-01,1.943382804810703246e-01,1.013775196430508174e+00,-2.179890753852183893e-01,2.124337436671468182e-01,9.938916311677542526e-01,-2.150362497257726768e-01,2.186499561213341436e-01,9.928725216044396173e-01,-2.188462043048413075e-01,2.203285204467185787e-01,9.928237045216093959e-01,-2.203414348211320817e-01
3.534776626287985390e-01,7.931213116426393261e-01,-4.489524720881534203e-01,1.910166859683174179e-01,9.263346405019998731e-01,-4.086052718524515459e-01,2.096698692673996112e-01,9.685562067312080137e-01,-2.757587276406552879e-01,2.213811839722019115e-01,9.857252685799533509e-01,-2.387262766213192888e-01,2.244466440741308411e-01,9.932880326163582296e-01,-2.288419435432043625e-01,1.799885871805324555e-01,1.145650638679962752e+00,-3.097863697848372011e-01,1.991187064024192155e-01,1.017948138772359457e+00,-2.228069537983619897e-01,2.172078795949416719e-01,9.962554892404241746e-01,-2.198122596423793262e-01,2.233915174223336242e-01,9.950621915377625415e-01,-2.235878012371237955e-01,2.250581182994993157e-01,9.950145182190013315e-01,-2.250710310077434217e-01
3.553210969380692918e-01,7.997097991885471213e-01,-4.509355807858724252e-01,1.944955246917488834e-01,9.348830279802852194e-01,-4.124201729146358408e-01,2.139987428314993889e-01,9.734905524136849841e-01,-2.801741456861228108e-01,2.260662197000072315e-01,9.882395238714611896e-01,-2.434180064303061997e-01,2.292912701744096726e-01,9.945448792296548435e-01,-2.336855012580519864e-01,1.843858328824266590e-01,1.157711210245399247e+00,-3.143024274803568607e-01,2.039449508052527671e-01,1.021863723038352934e+00,-2.276695114402624565e-01,2.220307980917608504e-01,9.982623124316486463e-01,-2.246369125267238254e-01,2.281827533416659615e-01,9.968631339532946223e-01,-2.283790613492362731e-01,2.298376327221698379e-01,9.968081843477373249e-01,-2.298505429742178641e-01
3.571645312473401557e-01,8.062982867344551385e-01,-4.529186894835914301e-01,1.979743634151804044e-01,9.434314154585705658e-01,-4.162350739768202468e-01,2.183276163955991944e-01,9.784248980961619546e-01,-2.845895637315903892e-01,2.307512554278125516e-01,9.907537791629689172e-01,-2.481097362392931105e-01,2.341358962746885597e-01,9.958017258429514573e-01,-2.385290589728996935e-01,1.888203665848967872e-01,1.169760259797428148e+00,-3.188541379744281867e-01,2.088170136895711182e-01,1.025521949228488827e+00,-2.325767483109198730e-01,2.269024991576043260e-01,9.999121007414264461e-01,-2.295102083788060909e-01,2.330236638793311277e-01,9.982753488510355266e-01,-2.332199846411788513e-01,2.346670637147305338e-01,9.982047029078185973e-01,-2.346799707205557417e-01
3.590079655566109640e-01,8.128867742803629337e-01,-4.549017981813104350e-01,2.014532021386119809e-01,9.519798029368561343e-01,-4.200499750390046527e-01,2.226564899596990277e-01,9.833592437786390361e-01,-2.890049817770579121e-01,2.354362911556178717e-01,9.932680344544766449e-01,-2.528014660482800213e-01,2.389805223749674190e-01,9.970585724562479601e-01,-2.433726166877473451e-01,1.932921882879426456e-01,1.181797787336049010e+00,-3.234415012670510681e-01,2.137348950553741855e-01,1.028922817342767360e+00,-2.375286644103341283e-01,2.318229827924722375e-01,1.001204854169759129e+00,-2.344321471986262340e-01,2.379142490353292894e-01,9.992988362309856987e-01,-2.381105711129516134e-01,2.395464112771812648e-01,9.992040738992447046e-01,-2.395593142467568881e-01
3.608513998658817723e-01,8.194752618262708399e-01,-4.568849068790293844e-01,2.049320408620434741e-01,9.605281904151414807e-01,-4.238648761011890587e-01,2.269853635237988887e-01,9.882935894611160066e-01,-2.934203998225255461e-01,2.401213268834232473e-01,9.957822897459847056e-01,-2.574931958572669877e-01,2.438251484752463338e-01,9.983154190695445740e-01,-2.482161744025950245e-01,1.978012979915643177e-01,1.193823792861262056e+00,-3.280645173582255048e-01,2.186985949026619691e-01,1.032066327381187865e+00,-2.425252597385053055e-01,2.367922489963645016e-01,1.002140572716645028e+00,-2.394027289861841989e-01,2.428545088096601967e-01,9.999335960931445833e-01,-2.430508207645543650e-01,2.444756754095220030e-01,9.998062973220160909e-01,-2.444885735528213311e-01
3.626948341751525806e-01,8.260637493721786351e-01,-4.588680155767483893e-01,2.084108795854749951e-01,9.690765778934269381e-01,-4.276797771633734646e-01,2.313142370878986664e-01,9.932279351435929771e-01,-2.978358178679930690e-01,2.448063626112285951e-01,9.982965450374924332e-01,-2.621849256662538985e-01,2.486697745755251376e-01,9.995722656828412989e-01,-2.530597321174426484e-01,2.023476956957617756e-01,1.205838276373066620e+00,-3.327231862479514413e-01,2.237081132314344689e-01,1.034952479343750564e+00,-2.475665342954333770e-01,2.418102977692811462e-01,1.002719256382085256e+00,-2.444219537414800136e-01,2.478444432023240718e-01,1.000179628437513291e+00,-2.480407335959872450e-01,2.494548561117526098e-01,1.000011373176131757e+00,-2.494677486387489596e-01
3.690678858334011103e-01,8.195613190095554224e-01,-4.642793354209809875e-01,2.152508705983189330e-01,9.609806050584613901e-01,-4.328341922009651399e-01,2.370815858970024004e-01,9.885284932770392885e-01,-3.033072835580137849e-01,2.501428226831378110e-01,9.958545470178244985e-01,-2.674756433197222893e-01,2.538302952860847506e-01,9.983345138782692141e-01,-2.582124819616498090e-01,2.090712558317607828e-01,1.194237137512628610e+00,-3.384665551507109460e-01,2.291228516722040864e-01,1.032118703785607883e+00,-2.528857844917016817e-01,2.469233081816344377e-01,1.002144998574086676e+00,-2.495279233187431833e-01,2.528897175561728439e-01,9.999339319673355986e-01,-2.530856587080046460e-01,2.544846555922151699e-01,9.998063197887205877e-01,-2.544975312320842953e-01
3.754409374916495845e-01,8.130588886469318766e-01,-4.696906552652134748e-01,2.220908616111631761e-01,9.528846322234958421e-01,-4.379886072385572038e-01,2.428489347061063286e-01,9.838290514104855999e-01,-3.087787492480347229e-01,2.554792827550469991e-01,9.934125489981565638e-01,-2.727663609731906802e-01,2.589908159966443635e-01,9.970967620736971293e-01,-2.633652318058569142e-01,2.158201283497201972e-01,1.182622676858122501e+00,-3.442286997955867900e-01,2.345830785449637412e-01,1.029026733604389454e+00,-2.582480324550620598e-01,2.520850223044340810e-01,1.001213692990122306e+00,-2.546823845355049021e-01,2.579846533449983714e-01,9.992995086297733476e-01,-2.581802311693813801e-01,2.595643698614739092e-01,9.992041188519115158e-01,-2.595772277393884053e-01
3.818139891498980587e-01,8.065564582843085528e-01,-4.751019751094460730e-01,2.289308526240073915e-01,9.447886593885301831e-01,-4.431430222761492121e-01,2.486162835152102291e-01,9.791296095439316893e-01,-3.142502149380556054e-01,2.608157428269561873e-01,9.909705509784886290e-01,-2.780570786266590710e-01,2.641513367072040319e-01,9.958590102691249335e-01,-2.685179816500640748e-01,2.225943132496400467e-01,1.170994894409549181e+00,-3.500096201825788067e-01,2.400887938497136276e-01,1.025676568800094390e+00,-2.636532781855141505e-01,2.572954401376800204e-01,9.999253396301920338e-01,-2.598853373917649479e-01,2.631292505688006544e-01,9.982763584248269817e-01,-2.633244509801173638e-01,2.646939989195284948e-01,9.982047703657042081e-01,-2.647068381606610399e-01
3.881870408081465884e-01,8.000540279216851181e-01,-4.805132949536786158e-01,2.357708436368516347e-01,9.366926865535646352e-01,-4.482974373137412760e-01,2.543836323243141018e-01,9.744301676773778897e-01,-3.197216806280764878e-01,2.661522028988654309e-01,9.885285529588208053e-01,-2.833477962801274619e-01,2.693118574177637004e-01,9.946212584645529597e-01,-2.736707314942712910e-01,2.293938105315203313e-01,1.159353790166907983e+00,-3.558093163116873292e-01,2.456399975864535234e-01,1.022068209372723357e+00,-2.691015216830580092e-01,2.625545616813722005e-01,9.982799384942960819e-01,-2.651367818875233762e-01,2.683235092275798594e-01,9.968644813524959458e-01,-2.685183181402128749e-01,2.698735427663792041e-01,9.968082743300989979e-01,-2.698863624959024210e-01
3.945600924663949516e-01,7.935515975590616833e-01,-4.859246147979109920e-01,2.426108346496957946e-01,9.285967137185988651e-01,-4.534518523513331734e-01,2.601509811334180577e-01,9.697307258108242012e-01,-3.251931463180974813e-01,2.714886629707746191e-01,9.860865549391527596e-01,-2.886385139335958527e-01,2.744723781283233133e-01,9.933835066599807639e-01,-2.788234813384784516e-01,2.362186201953611620e-01,1.147699364130200239e+00,-3.616277881829121910e-01,2.512366897551834288e-01,1.018201655322275911e+00,-2.745927629476935805e-01,2.678623869355106768e-01,9.962774895824340060e-01,-2.704367180227801315e-01,2.735674293213358199e-01,9.950638774127806840e-01,-2.737618326496677468e-01,2.751030014020258707e-01,9.950146307450956629e-01,-2.751158007451124932e-01
4.009331441246434813e-01,7.870491671964382485e-01,-4.913359346421435903e-01,2.494508256625400933e-01,9.205007408836335392e-01,-4.586062673889252927e-01,2.659183299425219582e-01,9.650312839442706236e-01,-3.306646120081183637e-01,2.768251230426838072e-01,9.836445569194849359e-01,-2.939292315870641881e-01,2.796328988388829262e-01,9.921457548554087902e-01,-2.839762311826856123e-01,2.430687422411623166e-01,1.136031616299424618e+00,-3.674650357962533920e-01,2.568788703559035658e-01,1.014076906648752496e+00,-2.801270019794209754e-01,2.732189159000951717e-01,9.939179928946061393e-01,-2.757851457975350473e-01,2.788610108500686469e-01,9.928745466056810853e-01,-2.790549945084819794e-01,2.803823748264686611e-01,9.928238396106942032e-01,-2.803951529082912564e-01
4.073061957828920110e-01,7.805467368338149248e-01,-4.967472544863761885e-01,2.562908166753843364e-01,9.124047680486677692e-01,-4.637606824265173011e-01,2.716856787516258587e-01,9.603318420777167130e-01,-3.361360776981392462e-01,2.821615831145930509e-01,9.812025588998170011e-01,-2.992199492405325789e-01,2.850305718343557615e-01,9.890584276902670835e-01,-2.893605727473723688e-01,2.499441766689239619e-01,1.124350546674581786e+00,-3.733210591517109322e-01,2.625665393886136845e-01,1.009693963352152668e+00,-2.857042387782400827e-01,2.786241485751260738e-01,9.912014484308128148e-01,-2.811820652117884012e-01,2.842042538137783403e-01,9.902964889311971497e-01,-2.843978037166556283e-01,2.857121769659204946e-01,9.902288620139639841e-01,-2.857249236620552080e-01
4.136792474411404297e-01,7.740443064711914900e-01,-5.021585743306086203e-01,2.631308076882284963e-01,9.043087952137022212e-01,-4.689150974641093095e-01,2.774530275607297591e-01,9.556324002111631355e-01,-3.416075433881601842e-01,2.874980431865022390e-01,9.787605608801489554e-01,-3.045106668940009698e-01,2.905072955914663191e-01,9.853545754049355399e-01,-2.948221115522189351e-01,2.568449234786461255e-01,1.112656155255671964e+00,-3.791958582492849228e-01,2.682996968533137849e-01,1.005052825432476871e+00,-2.913244733441509582e-01,2.840780849606032166e-01,9.881278561910535885e-01,-2.866274762655400821e-01,2.895971582124647892e-01,9.873297043893284330e-01,-2.897902602741885825e-01,2.910920639045880276e-01,9.872425675723676131e-01,-2.911047752025577307e-01
4.200522990993889594e-01,7.675418761085679442e-01,-5.075698941748411075e-01,2.699707987010727672e-01,8.962128223787365622e-01,-4.740695125017013178e-01,2.832203763698336596e-01,9.509329583446091139e-01,-3.470790090781811221e-01,2.928345032584114271e-01,9.763185628604811317e-01,-3.098013845474693606e-01,2.959840193485769322e-01,9.816507231196043293e-01,-3.002836503570656124e-01,2.637709826703287797e-01,1.100948442042694930e+00,-3.850894330889753081e-01,2.740783427500040892e-01,1.000153492889724882e+00,-2.969877056771537127e-01,2.895807250565265445e-01,9.846972161753282382e-01,-2.921213789587900900e-01,2.950397240461279935e-01,9.839741929800754905e-01,-2.952323641810809529e-01,2.965218641482598172e-01,9.838684707343358093e-01,-2.965345391110077999e-01
4.264253507576373781e-01,7.610394457459446205e-01,-5.129812140190737058e-01,2.768107897139169271e-01,8.881168495437707922e-01,-4.792239275392933262e-01,2.889877251789375601e-01,9.462335164780553143e-01,-3.525504747682020046e-01,2.981709633303206153e-01,9.738765648408131970e-01,-3.150921022009377515e-01,3.014607431056875453e-01,9.779468708342728966e-01,-3.057451891619121787e-01,2.707223542439718411e-01,1.089227407035650019e+00,-3.910017836707820327e-01,2.799024770786843752e-01,9.949959657238963695e-01,-3.026939357772481798e-01,2.951320688628961131e-01,9.809095283836376522e-01,-2.976637732915384804e-01,3.005319513147682309e-01,9.802299547034384331e-01,-3.007241154373327952e-01,3.020015776969356414e-01,9.801065714998685729e-01,-3.020142153874050273e-01
4.327984024158859633e-01,7.545370153833211857e-01,-5.183925338633063040e-01,2.836507807267611425e-01,8.800208767088053552e-01,-4.843783425768853346e-01,2.947550739880414605e-01,9.415340746115017367e-01,-3.580219404582228870e-01,3.035074234022298589e-01,9.714345668211453733e-01,-3.203828198544061978e-01,3.069374668627980474e-01,9.742430185489414640e-01,-3.112067279667587449e-01,2.776990381995754209e-01,1.077493050234538119e+00,-3.969329099947051520e-01,2.857720998393547540e-01,9.895802439349919988e-01,-3.084431636444343594e-01,3.007321163797119778e-01,9.767647928159809423e-01,-3.032546592637851979e-01,3.060738400183851127e-01,9.760969895594167056e-01,-3.062655140429438871e-01,3.075312045506156666e-01,9.759568698689659039e-01,-3.075438040317495236e-01
4.391714540741343820e-01,7.480345850206977509e-01,-5.238038537075386802e-01,2.904907717396053579e-01,8.719249038738398072e-01,-4.895327576144773984e-01,3.005224227971453610e-01,9.368346327449477151e-01,-3.634934061482437695e-01,3.088438834741389916e-01,9.689925688014773275e-01,-3.256735375078745331e-01,3.124141906199086605e-01,9.705391662636101424e-01,-3.166682667716054222e-01,2.847010345371393525e-01,1.065745371639358785e+00,-4.028828120607446661e-01,2.916872110320151146e-01,9.839063275230114369e-01,-3.142353892787123071e-01,3.063808676069740278e-01,9.722630094723586636e-01,-3.088940368755302424e-01,3.116653901569789165e-01,9.715752975480108633e-01,-3.118565599979145064e-01,3.131107447092998375e-01,9.714193658416278021e-01,-3.131233050440413446e-01
4.455445057323829117e-01,7.415321546580744272e-01,-5.292151735517712785e-01,2.973307627524496288e-01,8.638289310388741482e-01,-4.946871726520694068e-01,3.062897716062492615e-01,9.321351908783940265e-01,-3.689648718382647075e-01,3.145076577099000792e-01,9.641847021179926758e-01,-3.312610116113042791e-01,3.180490780744147927e-01,9.656459455207699882e-01,-3.222840457939626368e-01,2.917283432566639134e-01,1.053984371250112462e+00,-4.088514898689005750e-01,2.976478106566657900e-01,9.779742164879544619e-01,-3.200706126800821338e-01,3.120783225446823739e-01,9.674041783527704830e-01,-3.145819061267736694e-01,3.173093220972147965e-01,9.666194499619612523e-01,-3.174997712487370172e-01,3.187405338702380964e-01,9.664900905134883313e-01,-3.187530473213345261e-01
4.519175573906313303e-01,7.350297242954509924e-01,-5.346264933960037657e-01,3.041707537652937887e-01,8.557329582039083782e-01,-4.998415876896613597e-01,3.120571204153531619e-01,9.274357490118402270e-01,-3.744363375282856454e-01,3.204987461095131218e-01,9.570109667706915291e-01,-3.371452421646956021e-01,3.238421292263163886e-01,9.595633563204214456e-01,-3.280540650338303887e-01,2.987809643581488261e-01,1.042210049066798483e+00,-4.148389434191727676e-01,3.036538987133063916e-01,9.717839108298215178e-01,-3.259488338485436731e-01,3.178244811928369051e-01,9.621882994572165115e-01,-3.203182670175153124e-01,3.230056298154754812e-01,9.612572192766734025e-01,-3.231951409705269840e-01,3.244205713129280078e-01,9.611830616823089368e-01,-3.244330301165814223e-01
4.582906090488797490e-01,7.285272939328274466e-01,-5.400378132402362530e-01,3.110107447781380596e-01,8.476369853689429412e-01,-5.049960027272534235e-01,3.178244692244571179e-01,9.227363071452866494e-01,-3.799078032183065834e-01,3.264898345091261089e-01,9.498372314233902713e-01,-3.430294727180868142e-01,3.296351803782179291e-01,9.534807671200729029e-01,-3.338240842736981406e-01,3.058588978415940907e-01,1.030422405089417293e+00,-4.208451727115612440e-01,3.097054752019368640e-01,9.653354105486122716e-01,-3.318700527840968695e-01,3.236193435514377326e-01,9.566153727856968603e-01,-3.261031195477554490e-01,3.287515909372237810e-01,9.555432916912093289e-01,-3.289401489418306013e-01,3.301505210999527429e-01,9.555069208517097401e-01,-3.301629242837129663e-01
4.646636607071281677e-01,7.220248635702042339e-01,-5.454491330844687402e-01,3.178507357909821085e-01,8.395410125339775043e-01,-5.101504177648453764e-01,3.235918180335608518e-01,9.180368652787327388e-01,-3.853792689083273548e-01,3.324809229087390405e-01,9.426634960760893467e-01,-3.489137032714779707e-01,3.354282315301194695e-01,9.473981779197246933e-01,-3.395941035135658370e-01,3.129621437069999845e-01,1.018621439317969335e+00,-4.268701777460662261e-01,3.158025401225575401e-01,9.586287156443270563e-01,-3.378342694867417784e-01,3.294629096204846341e-01,9.506853983382117512e-01,-3.319364637174936350e-01,3.345472054624595848e-01,9.494776672055690314e-01,-3.347347951626475360e-01,3.359303832313121907e-01,9.494616680216914073e-01,-3.359427298227288805e-01
4.710367123653765864e-01,7.155224332075806881e-01,-5.508604529287011164e-01,3.246907268038263794e-01,8.314450396990118453e-01,-5.153048328024373292e-01,3.293591668426647523e-01,9.133374234121789392e-01,-3.908507345983481818e-01,3.384720113083520832e-01,9.354897607287880890e-01,-3.547979338248692383e-01,3.412212826820210654e-01,9.413155887193762617e-01,-3.453641227534336444e-01,3.200907019543661192e-01,1.006807151752453500e+00,-4.329139585226874920e-01,3.219450934751683091e-01,9.516638261169655388e-01,-3.438414839564785663e-01,3.353551793999779429e-01,9.443983761147600742e-01,-3.378182995267304811e-01,3.403924733911828926e-01,9.430603458197517330e-01,-3.405790796329780656e-01,3.417601577070065733e-01,9.430473031922531613e-01,-3.417724467336295535e-01
4.774097640236251161e-01,7.090200028449573644e-01,-5.562717727729337147e-01,3.315307178166705393e-01,8.233490668640462973e-01,-5.204592478400292821e-01,3.351265156517687638e-01,9.086379815456253617e-01,-3.963222002883691752e-01,3.444630997079650148e-01,9.283160253814868312e-01,-3.606821643782603948e-01,3.470143338339226058e-01,9.352329995190277190e-01,-3.511341419933013408e-01,3.272445725836929942e-01,9.949795423928702309e-01,-4.389765150414252637e-01,3.281331352597691708e-01,9.444407419665276082e-01,-3.498916961933072334e-01,3.412961528899174923e-01,9.377543061153433834e-01,-3.437486269754654877e-01,3.462873947233938154e-01,9.362913275337579888e-01,-3.464730023528221903e-01,3.476398445270356130e-01,9.362638263633950020e-01,-3.476520750164146523e-01
4.837828156818736458e-01,7.025175724823340406e-01,-5.616830926171662020e-01,3.383707088295148102e-01,8.152530940290806383e-01,-5.256136628776214570e-01,3.408938644608726087e-01,9.039385396790715621e-01,-4.017936659783901132e-01,3.504541881075781129e-01,9.211422900341856845e-01,-3.665663949316517178e-01,3.528864434500215697e-01,9.285922993084035904e-01,-3.569812352793990118e-01,3.344237555949801655e-01,9.831386112392198617e-01,-4.450578473022792636e-01,3.343666654763601254e-01,9.369594631930137085e-01,-3.559849061972275575e-01,3.472858300903032824e-01,9.307531883399604578e-01,-3.497274460636989879e-01,3.522319694590923533e-01,9.291706123475880208e-01,-3.524165633221799099e-01,3.535696090561858407e-01,9.291090774020092091e-01,-3.535817765135866875e-01
4.901558673401220645e-01,6.960151421197104948e-01,-5.670944124613986892e-01,3.452106998423590811e-01,8.071571211941150903e-01,-5.307680779152135209e-01,3.466612132699764537e-01,8.992390978125176515e-01,-4.072651316684109402e-01,3.564452765071911555e-01,9.139685546868845378e-01,-3.724506254850429854e-01,3.589957284587125819e-01,9.202772660669534810e-01,-3.630595507041862180e-01,3.416282509882278551e-01,9.712843582915021701e-01,-4.511579553052497693e-01,3.406456841249411172e-01,9.292199897964237287e-01,-3.621211139682396496e-01,3.533242110011352577e-01,9.233950227886118522e-01,-3.557547567914305930e-01,3.582261975982783397e-01,9.216982002612413849e-01,-3.584097625410511134e-01,3.595497817530438067e-01,9.215962584627636067e-01,-3.595618746349644179e-01
4.965289189983705942e-01,6.895127117570871711e-01,-5.725057323056312875e-01,3.520506908552032965e-01,7.990611483591495423e-01,-5.359224929528054737e-01,3.524285620790803542e-01,8.945396559459639629e-01,-4.127365973584319336e-01,3.624363649068041981e-01,9.067948193395833911e-01,-3.783348560384342529e-01,3.651050134674036496e-01,9.119622328255034827e-01,-3.691378661289733687e-01,3.488580587634360075e-01,9.594167835497172669e-01,-4.572768390503365588e-01,3.469701912055122017e-01,9.212223217767573358e-01,-3.683003195063436763e-01,3.594112956224134181e-01,9.156798094612974559e-01,-3.618305591586605807e-01,3.642700791409518302e-01,9.138740912747180811e-01,-3.644526000094357454e-01,3.655798663606599219e-01,9.137423633975130244e-01,-3.655918836879303302e-01
5.029019706566190129e-01,6.830102813944637363e-01,-5.779170521498637747e-01,3.588906818680475119e-01,7.909651755241838833e-01,-5.410769079903974266e-01,3.581959108881842546e-01,8.898402140794101634e-01,-4.182080630484528161e-01,3.684274533064171853e-01,8.996210839922821334e-01,-3.842190865918255205e-01,3.712142984760945508e-01,9.036471995840531513e-01,-3.752161815537604639e-01,3.561131789206046228e-01,9.475358870138648193e-01,-4.634144985375397985e-01,3.533401867180732681e-01,9.129664591340145297e-01,-3.745225228115391380e-01,3.655470839541379857e-01,9.076075483580172687e-01,-3.679548531653891175e-01,3.703636140871128801e-01,9.056982853880181095e-01,-3.705450757273339724e-01,3.716598628790346304e-01,9.055473922062583503e-01,-3.716718036724849239e-01
5.092750223148675426e-01,6.765078510318401905e-01,-5.833283719940962619e-01,3.657306728808916718e-01,7.828692026892181133e-01,-5.462313230279893794e-01,3.639632596972882106e-01,8.851407722128563638e-01,-4.236795287384736985e-01,3.744185417060301724e-01,8.924473486449810977e-01,-3.901033171452167880e-01,3.773235834847855630e-01,8.953321663426030419e-01,-3.812944969785476701e-01,3.633936114597335898e-01,9.356416686839450492e-01,-4.695709337668592109e-01,3.597556706626244827e-01,9.044524018681958655e-01,-3.807877238838265899e-01,3.717315759963087385e-01,8.991782394787714017e-01,-3.741276388116158702e-01,3.765068024367615451e-01,8.971707826011422471e-01,-3.766871896947458498e-01,3.777897713081677100e-01,8.970113448889991403e-01,-3.778016345886278660e-01
5.156480739731159613e-01,6.700054206692169778e-01,-5.887396918383288602e-01,3.725706638937358872e-01,7.747732298542525653e-01,-5.513857380655814433e-01,3.697306085063921111e-01,8.804413303463026752e-01,-4.291509944284946365e-01,3.804096301056432150e-01,8.852736132976799510e-01,-3.959875476986080556e-01,3.834328684934765752e-01,8.870171331011529325e-01,-3.873728124033348763e-01,3.706993563808231862e-01,9.237341285599582896e-01,-4.757461447382952957e-01,3.662166430391658456e-01,8.956801499793012322e-01,-3.870959227232058653e-01,3.779647717489256764e-01,8.903918828235596328e-01,-3.803489160973408945e-01,3.826996441898977697e-01,8.882915829140897168e-01,-3.828789419116712112e-01,3.839695916480591054e-01,8.881342214457350615e-01,-3.839813764363592119e-01
5.220211256313644910e-01,6.635029903065934320e-01,-5.941510116825613474e-01,3.794106549065801581e-01,7.666772570192870173e-01,-5.565401531031735072e-01,3.754979573154958450e-01,8.757418884797489866e-01,-4.346224601185152969e-01,3.864007185052562021e-01,8.780998779503789153e-01,-4.018717782519992121e-01,3.895421535021675319e-01,8.787020998597027122e-01,-3.934511278281220270e-01,3.780304136838732454e-01,9.118132666419040966e-01,-4.819401314518476642e-01,3.727231038476971348e-01,8.866497034673299638e-01,-3.934471193296767977e-01,3.842466712119887440e-01,8.812484783923829612e-01,-3.866186850225641902e-01,3.889421393465213317e-01,8.790606863268606297e-01,-3.891203323781098899e-01,3.901993238987088164e-01,8.789160218764663357e-01,-3.902110292156790172e-01
5.283941772896130207e-01,6.570005599439701083e-01,-5.995623315267938347e-01,3.862506459194243735e-01,7.585812841843213583e-01,-5.616945681407654600e-01,3.826998446651900809e-01,8.632058043216208620e-01,-4.410957231605706075e-01,3.930433967895434755e-01,8.668960536649479298e-01,-4.083474867425361809e-01,3.959673672848024739e-01,8.683597721159694860e-01,-3.998376788333134479e-01,3.853867833688836564e-01,8.998790829297824700e-01,-4.881528939075163165e-01,3.792750530882185167e-01,8.773610623322826152e-01,-3.998413137032394982e-01,3.906205470025364557e-01,8.711128288474216941e-01,-3.929699927910160762e-01,3.952395844598375341e-01,8.694238460440714134e-01,-3.954162423002805515e-01,3.964796229531534211e-01,8.693639414352007933e-01,-3.964912339258259144e-01
5.347672289478614394e-01,6.504981295813466735e-01,-6.049736513710264330e-01,3.930906369322685334e-01,7.504853113493556993e-01,-5.668489831783575239e-01,3.899017320148844279e-01,8.506697201634924044e-01,-4.475689862026260291e-01,3.996860750738306378e-01,8.556922293795177215e-01,-4.148231952330730388e-01,4.023925810674373604e-01,8.580174443722359268e-01,-4.062242298385049244e-01,3.927684654358545857e-01,8.879315774235936320e-01,-4.943844321053014745e-01,3.858724907607299359e-01,8.678142265741590755e-01,-4.062785058438939667e-01,3.970430708379246165e-01,8.607630306547768839e-01,-3.993697570366077643e-01,4.015866813325791873e-01,8.595093743637262085e-01,-4.017617895174125930e-01,4.028098338923985500e-01,8.595081665845246688e-01,-4.028213495639380581e-01
5.411402806061098580e-01,6.439956992187231277e-01,-6.103849712152589202e-01,3.999306279451128043e-01,7.423893385143900403e-01,-5.720033982159494768e-01,3.971036193645788304e-01,8.381336360053640577e-01,-4.540422492446814506e-01,4.063287533581178557e-01,8.444884050940872910e-01,-4.212989037236098966e-01,4.088177948500723580e-01,8.476751166285023675e-01,-4.126107808436964564e-01,4.001754598847859223e-01,8.759707501233374716e-01,-5.006347460452029718e-01,3.925154168652315034e-01,8.580091961929595668e-01,-4.127586957516402588e-01,4.035142427181532820e-01,8.501990838144471985e-01,-4.058179777593394211e-01,4.079834299647465135e-01,8.493172712858246820e-01,-4.081569740295065696e-01,4.091899567164443696e-01,8.493486973244390725e-01,-4.092013761300155594e-01
5.475133322643583877e-01,6.374932688560998040e-01,-6.157962910594914074e-01,4.067706189579570197e-01,7.342933656794246033e-01,-5.771578132535415406e-01,4.043055067142732328e-01,8.255975518472356001e-01,-4.605155122867368722e-01,4.129714316424049625e-01,8.332845808086568606e-01,-4.277746122141466989e-01,4.152430086327073555e-01,8.373327888847686973e-01,-4.189973318488879883e-01,4.076077667156777773e-01,8.639966010290138776e-01,-5.069038357272207529e-01,3.992038314017231082e-01,8.479459711886838669e-01,-4.192818834264782080e-01,4.100340626432224522e-01,8.394209883264338590e-01,-4.123146549592108245e-01,4.144298303563397901e-01,8.388475368103672780e-01,-4.146017958365625367e-01,4.156199914252906580e-01,8.388855336549432273e-01,-4.156313136240581962e-01
5.538863839226068064e-01,6.309908384934762582e-01,-6.212076109037238947e-01,4.136106099708012351e-01,7.261973928444589443e-01,-5.823122282911336045e-01,4.115073940639676353e-01,8.130614676891072534e-01,-4.669887753287922383e-01,4.196141099266921248e-01,8.220807565232264302e-01,-4.342503207046835567e-01,4.216682224153422975e-01,8.269904611410350270e-01,-4.253838828540794648e-01,4.150653859285300951e-01,8.520091301406230722e-01,-5.131917011513550397e-01,4.059377343702048613e-01,8.376245515613316428e-01,-4.258480688684080917e-01,4.166025306131317940e-01,8.284287441907359772e-01,-4.188597886362219191e-01,4.209258825073586840e-01,8.281001709373534414e-01,-4.210962549385801057e-01,4.220999380189376371e-01,8.281186755760377993e-01,-4.221111620460663016e-01
5.602594355808552251e-01,6.244884081308528234e-01,-6.266189307479563819e-01,4.204506009836455060e-01,7.181014200094932853e-01,-5.874666433287256684e-01,4.187092814136620378e-01,8.005253835309787958e-01,-4.734620383708476599e-01,4.262567882109793427e-01,8.108769322377962219e-01,-4.407260291952204145e-01,4.280934361979772951e-01,8.166481333973014678e-01,-4.317704338592710522e-01,4.225483175233428201e-01,8.400083374581649442e-01,-5.194983423176054993e-01,4.127171257706764851e-01,8.270449373109035607e-01,-4.324572520774295770e-01,4.232196466278816405e-01,8.172223514073536643e-01,-4.254533787903728159e-01,4.274715864178035285e-01,8.170751736667835052e-01,-4.276403513355596653e-01,4.286297964973853070e-01,8.170481230877226775e-01,-4.286409213960397091e-01
5.666324872391038658e-01,6.179859777682294997e-01,-6.320302505921889802e-01,4.272905919964897214e-01,7.100054471745277374e-01,-5.926210583663176212e-01,4.259111687633563292e-01,7.879892993728503381e-01,-4.799353014129029704e-01,4.328994664952665050e-01,7.996731079523657915e-01,-4.472017376857572724e-01,4.347552234562800377e-01,8.049832533412458746e-01,-4.383881975208993587e-01,4.300565615001160635e-01,8.279942229816394939e-01,-5.258237592259724646e-01,4.195420056031383682e-01,8.162071284373990654e-01,-4.391094330535429413e-01,4.298854106874719361e-01,8.058018099762875863e-01,-4.320954254216636259e-01,4.340669420876740459e-01,8.057725449986572475e-01,-4.342340850275009934e-01,4.352100550277848701e-01,8.056790196309217000e-01,-4.352210699356210410e-01
5.730055388973522845e-01,6.114835474056060649e-01,-6.374415704364214674e-01,4.341305830093339369e-01,7.019094743395620783e-01,-5.977754734039096851e-01,4.331130561130508427e-01,7.754532152147219914e-01,-4.864085644549585030e-01,4.395421447795535563e-01,7.884692836669352500e-01,-4.536774461762940192e-01,4.414958685398055471e-01,7.928775225144154559e-01,-4.450830320680067009e-01,4.375901178588497142e-01,8.159667867110468320e-01,-5.321679518764558248e-01,4.264123738675901776e-01,8.051111249408187120e-01,-4.458046117967479627e-01,4.365998227919026808e-01,7.941671198975371881e-01,-4.387859285300942935e-01,4.407119495169704582e-01,7.941922849329750012e-01,-4.408774560144042565e-01,4.418403883852363156e-01,7.940488232943458957e-01,-4.418512890875123666e-01
5.793785905556008142e-01,6.049811170429826301e-01,-6.428528902806540657e-01,4.409705740221780967e-01,6.938135015045965304e-01,-6.029298884415016380e-01,4.403149434627452452e-01,7.629171310565934228e-01,-4.928818274970139246e-01,4.461848230638407742e-01,7.772654593815050417e-01,-4.601531546668309325e-01,4.482365136233310565e-01,7.807717916875851483e-01,-4.517778666151140987e-01,4.451489865995439388e-01,8.039260286463867367e-01,-5.385309202690555797e-01,4.333282305640321908e-01,7.937569268211618345e-01,-4.525427883070448631e-01,4.433628829411737082e-01,7.823182811711024698e-01,-4.455248881156645413e-01,4.474066087056923768e-01,7.823343934697359892e-01,-4.475704642962691771e-01,4.485206338787653402e-01,7.821616606047339104e-01,-4.485314194688512779e-01
5.857516422138493439e-01,5.984786866803593064e-01,-6.482642101248865529e-01,4.478105650350223677e-01,6.857175286696308714e-01,-6.080843034790937018e-01,4.475168308124395367e-01,7.503810468984649651e-01,-4.993550905390692352e-01,4.528275013481278810e-01,7.660616350960745002e-01,-4.666288631573677348e-01,4.549771587068566214e-01,7.686660608607549516e-01,-4.584727011622214410e-01,4.527331677221985151e-01,7.918719487876595409e-01,-5.449126644037716183e-01,4.402895756924642412e-01,7.821445340784289879e-01,-4.593239625844335317e-01,4.501745911352853513e-01,7.702552937969835423e-01,-4.523123041783748133e-01,4.541509196538402460e-01,7.701988706089410996e-01,-4.543131098730960327e-01,4.552507915083719436e-01,7.700175315620866323e-01,-4.552614610796377748e-01
5.921246938720976516e-01,5.919762563177357606e-01,-6.536755299691190402e-01,4.546505560478665831e-01,6.776215558346652124e-01,-6.132387185166856547e-01,4.547187181621340502e-01,7.378449627403366184e-01,-5.058283535811247678e-01,4.594701796324150989e-01,7.548578108106442919e-01,-4.731045716479045926e-01,4.617178037903820753e-01,7.565603300339247550e-01,-4.651675357093288388e-01,4.603426612268136653e-01,7.798045471348649116e-01,-5.513131842806040517e-01,4.472964092528863844e-01,7.702739467126201722e-01,-4.661481346289140237e-01,4.570349473742371660e-01,7.579781577751802946e-01,-4.591481767182246099e-01,4.609448823614138990e-01,7.577857163505899996e-01,-4.611053927448847678e-01,4.620308612740557930e-01,7.576164361664028402e-01,-4.620414139198715242e-01
5.984977455303461813e-01,5.854738259551124369e-01,-6.590868498133515274e-01,4.614905470607107985e-01,6.695255829996997754e-01,-6.183931335542777186e-01,4.619206055118283416e-01,7.253088785822081608e-01,-5.123016166231801893e-01,4.661128579167022057e-01,7.436539865252138615e-01,-4.795802801384414504e-01,4.684584488739075847e-01,7.444545992070944473e-01,-4.718623702564361810e-01,4.679774671133891673e-01,7.677238236880030708e-01,-5.577324798995528798e-01,4.543487312452982874e-01,7.581451647237344993e-01,-4.730153044404858953e-01,4.639439516580294853e-01,7.454868731056929487e-01,-4.660325057352143197e-01,4.677884968284135025e-01,7.450949306946827999e-01,-4.679473129116354380e-01,4.688608431758173323e-01,7.449583744176833111e-01,-4.688712779895528593e-01
6.048707971885947110e-01,5.789713955924888911e-01,-6.644981696575840147e-01,4.683305380735550694e-01,6.614296101647340054e-01,-6.235475485918697824e-01,4.691224928615227996e-01,7.127727944240798141e-01,-5.187748796652356109e-01,4.730767186370178901e-01,7.310228230023941842e-01,-4.863524174654290655e-01,4.753564712407317150e-01,7.316284362874891922e-01,-4.787114168227544764e-01,4.756375853819249655e-01,7.556297784470735746e-01,-5.641705512606179918e-01,4.614465416697005606e-01,7.457581881117728573e-01,-4.799254720191499235e-01,4.709016039866621983e-01,7.327814397885213937e-01,-4.729652912293438871e-01,4.746843677113620763e-01,7.321020655896595120e-01,-4.748412930671767063e-01,4.757410614105780922e-01,7.320455271347823256e-01,-4.757513714060849219e-01
6.112438488468432407e-01,5.724689652298655673e-01,-6.699094895018166129e-01,4.751705290863993403e-01,6.533336373297684574e-01,-6.287019636294617353e-01,4.763243802112171466e-01,7.002367102659512454e-01,-5.252481427072910325e-01,4.803617617933619299e-01,7.169643202421861483e-01,-4.934209836288673823e-01,4.824118708908541886e-01,7.180818412751095448e-01,-4.857146754082834472e-01,4.833230160324215596e-01,7.435224114120771999e-01,-5.706273983637996094e-01,4.685898405260929267e-01,7.331130168767353572e-01,-4.868786373649056642e-01,4.779079043601352494e-01,7.198618578236656296e-01,-4.799465332006132012e-01,4.816324958992142524e-01,7.188904584335249481e-01,-4.817873358868887679e-01,4.826715163040764534e-01,7.189199505814516389e-01,-4.826816945525626013e-01
6.176169005050916594e-01,5.659665348672422436e-01,-6.753208093460492112e-01,4.820105200992434447e-01,6.452376644948027984e-01,-6.338563786670536881e-01,4.835262675609116045e-01,6.877006261078228988e-01,-5.317214057493464541e-01,4.876468049497058588e-01,7.029058174819777793e-01,-5.004895497923056435e-01,4.894672705409767177e-01,7.045352462627301193e-01,-4.927179339938125291e-01,4.910337590648785611e-01,7.314017225830131697e-01,-5.771030212090976219e-01,4.757786278144753300e-01,7.202096510186215550e-01,-4.938748004777531175e-01,4.849628527784488607e-01,7.067281272111254342e-01,-4.869762316490223175e-01,4.886302770317648703e-01,7.055123364105065908e-01,-4.887830195687363211e-01,4.896518837679713632e-01,7.055934826934203707e-01,-4.896619294392817179e-01
6.239899521633399671e-01,5.594641045046188088e-01,-6.807321291902814764e-01,4.888505111120875490e-01,6.371416916598373614e-01,-6.390107937046455300e-01,4.907281549106058960e-01,6.751645419496947742e-01,-5.381946687914016536e-01,4.949318481060497321e-01,6.888473147217699655e-01,-5.075581159557437383e-01,4.965226701910990248e-01,6.909886512503509159e-01,-4.997211925793414444e-01,4.987698144792956367e-01,7.192677119598822610e-01,-5.835974197965116961e-01,4.830129035348474931e-01,7.070480905374317837e-01,-5.009139613576921723e-01,4.920664492416026992e-01,6.933802479509015848e-01,-4.940543865745711249e-01,4.956777111090139853e-01,6.919676995206043291e-01,-4.958283441127195323e-01,4.966821638022626551e-01,6.920661234706889653e-01,-4.966920760662422718e-01
6.303630038215884968e-01,5.529616741419954851e-01,-6.861434490345140746e-01,4.956905021249318199e-01,6.290457188248718134e-01,-6.441652087422377049e-01,4.979300422603001874e-01,6.626284577915663165e-01,-5.446679318334570752e-01,5.022168912623936610e-01,6.747888119615618185e-01,-5.146266821191820551e-01,5.035780698412215539e-01,6.774420562379713795e-01,-5.067244511648705263e-01,5.065311822756735083e-01,7.071203795426836969e-01,-5.901105941260422760e-01,4.902926676872099154e-01,6.936283354331654882e-01,-5.079961200047231618e-01,4.992186937495969312e-01,6.798182200429926381e-01,-5.011809979772594570e-01,5.027747981309615977e-01,6.782565477638174967e-01,-5.029233095188382352e-01,5.037623564069504400e-01,6.783378729132566454e-01,-5.037721344334442630e-01
6.367360554798369154e-01,5.464592437793720503e-01,-6.915547688787466729e-01,5.025304931377759798e-01,6.209497459899061544e-01,-6.493196237798296577e-01,5.051319296099946454e-01,6.500923736334378589e-01,-5.511411948755124968e-01,5.095019344187375898e-01,6.607303092013534496e-01,-5.216952482826202608e-01,5.106334694913440275e-01,6.638954612255917320e-01,-5.137277097503994971e-01,5.143178624540117871e-01,6.949597253314179213e-01,-5.966425441976893618e-01,4.976179202715625416e-01,6.799503857058231127e-01,-5.151212764188459747e-01,5.064195863024314459e-01,6.660420434874001483e-01,-5.083560658570880353e-01,5.099215380976077627e-01,6.643788811401466488e-01,-5.100679157870924296e-01,5.108924615820347181e-01,6.644087310211235220e-01,-5.109021045408876915e-01
6.431091071380854451e-01,5.399568134167487266e-01,-6.969660887229791602e-01,5.093704841506201397e-01,6.128537731549404954e-01,-6.544740388174216106e-01,5.123338169596891589e-01,6.375562894753095122e-01,-5.576144579175679183e-01,5.167869775750815187e-01,6.466718064411453026e-01,-5.287638144460585776e-01,5.177673442950767591e-01,6.500839316120310407e-01,-5.208081295200664984e-01,5.221298550143105288e-01,6.827857493260848232e-01,-6.031932700114528423e-01,5.049886612879053160e-01,6.660142413554044349e-01,-5.222894306000605003e-01,5.136691269001070204e-01,6.520517182841232273e-01,-5.155795902140566378e-01,5.171179310089525361e-01,6.503346996495917853e-01,-5.172621629174822822e-01,5.180726410395818382e-01,6.502786232615043183e-01,-5.180821453991686365e-01
6.494821587963339748e-01,5.334543830541252918e-01,-7.023774085672116474e-01,5.162104751634645217e-01,6.047578003199749475e-01,-6.596284538550136745e-01,5.195357043093834504e-01,6.250202053171810546e-01,-5.640877209596233399e-01,5.240720207314255585e-01,6.326133036809371557e-01,-5.358323806094968944e-01,5.251366445596399313e-01,6.354775981949278840e-01,-5.281200328421475909e-01,5.299671599565698443e-01,6.705984515266844026e-01,-6.097627715673326065e-01,5.124048907362379612e-01,6.518199023819094551e-01,-5.295005825483667383e-01,5.209673155426225444e-01,6.378472444331618751e-01,-5.228515710481647094e-01,5.243639768649956956e-01,6.361240032921526844e-01,-5.245060509100075707e-01,5.253032185548435207e-01,6.359882897735923413e-01,-5.253125754441468898e-01
6.558552104545823935e-01,5.269519526915017460e-01,-7.077887284114441346e-01,5.230504661763086816e-01,5.966618274850092885e-01,-6.647828688926057383e-01,5.267375916590778528e-01,6.124841211590525969e-01,-5.705609840016787615e-01,5.313570638877695984e-01,6.185548009207290088e-01,-5.429009467729351002e-01,5.325059448242027704e-01,6.208712647778247273e-01,-5.354319361642282393e-01,5.378297772807896227e-01,6.583978319332166596e-01,-6.163510488653288766e-01,5.198666086165606437e-01,6.373673687853385061e-01,-5.367547322637648000e-01,5.283141522299785731e-01,6.234286219345164248e-01,-5.301720083594126942e-01,5.316596756657373524e-01,6.217467920678293458e-01,-5.317995797646685174e-01,5.325837092022933650e-01,6.215624876786024489e-01,-5.325929178928376917e-01
6.622282621128309232e-01,5.204495223288784223e-01,-7.132000482556767329e-01,5.298904571891528414e-01,5.885658546500437405e-01,-6.699372839301976912e-01,5.339394790087722553e-01,5.999480370009242503e-01,-5.770342470437341831e-01,5.386421070441136383e-01,6.044962981605207508e-01,-5.499695129363734170e-01,5.398752450887657206e-01,6.062649313607214596e-01,-5.427438394863091098e-01,5.457177069869697528e-01,6.461838905456817050e-01,-6.229581019054414304e-01,5.273738149288734745e-01,6.226566405656912551e-01,-5.440518797462545741e-01,5.357096369621749954e-01,6.087958507881867654e-01,-5.375409021478003702e-01,5.390050274111773954e-01,6.072030659766218808e-01,-5.391427494814647892e-01,5.399141129819323703e-01,6.070012169765356402e-01,-5.399231727452421525e-01
6.686013137710793419e-01,5.139470919662549875e-01,-7.186113680999092201e-01,5.367304482019971124e-01,5.804698818150780815e-01,-6.750916989677897551e-01,5.411413663584666578e-01,5.874119528427957926e-01,-5.835075100857894936e-01,5.459271502004575671e-01,5.904377954003126039e-01,-5.570380790998117337e-01,5.472445453533287818e-01,5.916585979436184140e-01,-5.500557428083899802e-01,5.536309490751103457e-01,6.339566273640792060e-01,-6.295839306876702679e-01,5.349265096731763425e-01,6.076877177229678129e-01,-5.513920249958360609e-01,5.431537697392117003e-01,5.939489309941728967e-01,-5.449582524133277373e-01,5.464000321013161576e-01,5.924928250185305112e-01,-5.465355600603970521e-01,5.472944298937597596e-01,5.923044776673912493e-01,-5.473033400013594951e-01
6.749743654293278716e-01,5.074446616036315527e-01,-7.240226879441417074e-01,5.435704392148413833e-01,5.723739089801124225e-01,-6.802461140053818189e-01,5.483432537081610603e-01,5.748758686846673349e-01,-5.899807731278450262e-01,5.532121933568016070e-01,5.763792926401044570e-01,-5.641066452632499395e-01,5.546138456178918430e-01,5.770522645265152573e-01,-5.573676461304708507e-01,5.615695035452114015e-01,6.217160423884096065e-01,-6.362285352120157222e-01,5.425246928494693588e-01,5.924606002571684016e-01,-5.587751680125095932e-01,5.506465505610887989e-01,5.788878625524748189e-01,-5.524240591559950175e-01,5.538446897361534171e-01,5.776160691935550151e-01,-5.539780115014646400e-01,5.547246599377757548e-01,5.774722697511691649e-01,-5.547334196611897195e-01
6.813474170875764013e-01,5.009422312410081179e-01,-7.294340077883743056e-01,5.504104302276854321e-01,5.642779361451469855e-01,-6.854005290429736608e-01,5.555451410578554627e-01,5.623397845265388773e-01,-5.964540361699004478e-01,5.604972365131455359e-01,5.623207898798961990e-01,-5.711752114266881453e-01,5.619831458824547932e-01,5.624459311094124336e-01,-5.646795494525516101e-01,5.695333703972726980e-01,6.094621356186723515e-01,-6.428919154784771273e-01,5.501683644577521903e-01,5.769752881682931323e-01,-5.662013087962745050e-01,5.581879794278065132e-01,5.636126454630925320e-01,-5.599383223758021000e-01,5.613390003156888408e-01,5.625727985016949484e-01,-5.614701038046674419e-01,5.622048031139803559e-01,5.625045932278701644e-01,-5.622134117247329366e-01
6.877204687458247090e-01,4.944398008783846832e-01,-7.348453276326066819e-01,5.594022216231311351e-01,5.540095285418101811e-01,-6.916925184621137701e-01,5.639991558538193228e-01,5.476305901633135020e-01,-6.039633362753289436e-01,5.684096359325384595e-01,5.470520661057627354e-01,-5.788406132615012689e-01,5.696653080883720133e-01,5.472195356396314381e-01,-5.723003891711283542e-01,5.775225496312947904e-01,5.971949070548684402e-01,-6.495740714870552601e-01,5.581279269788564923e-01,5.585356895653774689e-01,-5.738344299876034782e-01,5.658178343727200410e-01,5.478292634429836605e-01,-5.675340629544214366e-01,5.688881026704487587e-01,5.473805352202970598e-01,-5.690167037949045437e-01,5.697355056888907532e-01,5.474317070267004093e-01,-5.697439533564787606e-01
6.940935204040732387e-01,4.879373705157612484e-01,-7.402566474768391691e-01,5.683940130185773931e-01,5.437411209384728217e-01,-6.979845078812542125e-01,5.724531706497830719e-01,5.329213958000883489e-01,-6.114726363807575504e-01,5.763220353519319383e-01,5.317833423316286057e-01,-5.865060150963147256e-01,5.773474702942893444e-01,5.319931401698513307e-01,-5.799212288897050982e-01,5.855370412472772346e-01,5.849143566969968733e-01,-6.562750032377496767e-01,5.661298188954608790e-01,5.403527152035669801e-01,-5.815101165925140592e-01,5.734962564846858291e-01,5.321179459303795323e-01,-5.751782930664046667e-01,5.764868599733297128e-01,5.321699486157073222e-01,-5.766129506120913906e-01,5.773161220571704222e-01,5.322981235284068857e-01,-5.773244081797237470e-01
7.004665720623217684e-01,4.814349401531379247e-01,-7.456679673210717674e-01,5.773858044140236512e-01,5.334727133351355732e-01,-7.042764973003947659e-01,5.809071854457468209e-01,5.182122014368631957e-01,-6.189819364861859352e-01,5.842344347713253061e-01,5.165146185574944759e-01,-5.941714169311280713e-01,5.850296325002064535e-01,5.167667447000711123e-01,-5.875420686082817312e-01,5.935768452452201416e-01,5.726204845450578729e-01,-6.629947107305603771e-01,5.741740402075647953e-01,5.224263650828624428e-01,-5.892283686110062479e-01,5.812232457637060978e-01,5.164786929252817016e-01,-5.828710127117540107e-01,5.841352722243317031e-01,5.169410386879265129e-01,-5.842588442562277606e-01,5.849466522188188078e-01,5.171038427329883724e-01,-5.849547761944678959e-01
7.068396237205701871e-01,4.749325097905144899e-01,-7.510792871653042546e-01,5.863775958094700202e-01,5.232043057317984358e-01,-7.105684867195353194e-01,5.893612002417105700e-01,5.035030070736380425e-01,-6.264912365916145420e-01,5.921468341907186739e-01,5.012458947833603462e-01,-6.018368187659414170e-01,5.927117947061237846e-01,5.015403492302910049e-01,-5.951629083268583642e-01,6.016419616251235114e-01,5.603132905990516610e-01,-6.697331939654875832e-01,5.822605909151685744e-01,5.047566392032636351e-01,-5.969891860430802666e-01,5.889988022097787379e-01,5.009115044276887252e-01,-5.906122218904676924e-01,5.918333394234541744e-01,5.016938054369545208e-01,-5.919543847273132098e-01,5.926270961738366871e-01,5.018488646404450915e-01,-5.926350574007113181e-01
7.132126753788186058e-01,4.684300794278909441e-01,-7.564906070095367419e-01,5.953693872049162783e-01,5.129358981284610763e-01,-7.168604761386757618e-01,5.978152150376743190e-01,4.887938127104130004e-01,-6.340005366970429268e-01,6.000592336101120416e-01,4.859771710092262720e-01,-6.095022206007548737e-01,6.003939569120408937e-01,4.863139537605107310e-01,-6.027837480454351082e-01,6.097323903869872330e-01,5.479927748589780157e-01,-6.764904529425309621e-01,5.903894710182718830e-01,4.873435375647707790e-01,-6.047925688887353379e-01,5.968229258229049705e-01,4.854163804376011027e-01,-5.984019206025467108e-01,5.995810615706981261e-01,4.864282488627917345e-01,-5.996995720253487372e-01,6.003574539222240602e-01,4.865331892507773204e-01,-6.003652517984543469e-01
7.195857270370671355e-01,4.619276490652676204e-01,-7.619019268537693401e-01,6.043611786003625364e-01,5.026674905251238279e-01,-7.231524655578163152e-01,6.062692298336381791e-01,4.740846183471879027e-01,-6.415098368024715336e-01,6.079716330295054094e-01,4.707084472350920312e-01,-6.171676224355682194e-01,6.080761191179581138e-01,4.710875582907305681e-01,-6.104045877640117412e-01,6.178481315308115285e-01,5.356589373248371588e-01,-6.832664876616908467e-01,5.985606805168747213e-01,4.701870601673836525e-01,-6.126385171479719061e-01,6.046956166030847957e-01,4.699933209550190560e-01,-6.062401088479910660e-01,6.073784386660624479e-01,4.711443689654377653e-01,-6.074944061503333437e-01,6.081377254639804830e-01,4.711568165639844485e-01,-6.081453593876962049e-01
7.259587786953156652e-01,4.554252187026441301e-01,-7.673132466980018274e-01,6.133529699958089054e-01,4.923990829217865239e-01,-7.294444549769568686e-01,6.147232446296018171e-01,4.593754239839626941e-01,-6.490191369078999184e-01,6.158840324488987772e-01,4.554397234609579015e-01,-6.248330242703816761e-01,6.159919994361329199e-01,4.557697676906634077e-01,-6.182573955363126483e-01,6.259891850565963978e-01,5.233117779966292016e-01,-6.900612981229673482e-01,6.067742194109775333e-01,4.532872070111024221e-01,-6.205270308207903041e-01,6.126168745503179913e-01,4.546423259799422523e-01,-6.141267866268004250e-01,6.152254707095480279e-01,4.558421657448929465e-01,-6.153388871022678064e-01,6.159683952089175518e-01,4.557391941773349942e-01,-6.159758592062229976e-01
7.323318303535640839e-01,4.489227883400207508e-01,-7.727245665422343146e-01,6.223447613912550525e-01,4.821306753184492200e-01,-7.357364443960972000e-01,6.231772594255656772e-01,4.446662296207375964e-01,-6.565284370133284142e-01,6.237964318682921450e-01,4.401709996868237162e-01,-6.324984261051950218e-01,6.239857857917272543e-01,4.404215120471662859e-01,-6.261875259931884985e-01,6.341555509643416189e-01,5.109512968743536998e-01,-6.968748843263600223e-01,6.150300877005799860e-01,4.366439780959271988e-01,-6.284581099071901988e-01,6.205866996646042244e-01,4.393633955123706358e-01,-6.220619539389745656e-01,6.231221577011545332e-01,4.405216392011569448e-01,-6.232330148811514592e-01,6.238491408730432175e-01,4.403409628060800385e-01,-6.238564326844222574e-01
7.387048820118126136e-01,4.424203579773973716e-01,-7.781358863864669129e-01,6.313365527867014215e-01,4.718622677151119715e-01,-7.420284338152378645e-01,6.316312742215293152e-01,4.299570352575124432e-01,-6.640377371187569100e-01,6.317088312876855127e-01,4.249022759126896420e-01,-6.401638279400084786e-01,6.319795721473215888e-01,4.250732564036690531e-01,-6.341176564500643487e-01,6.423472292540473028e-01,4.985774939580108756e-01,-7.037072462718689803e-01,6.233282853856819683e-01,4.202573734218575385e-01,-6.364317544071713684e-01,6.286050919459439390e-01,4.241565295523044843e-01,-6.300456107845140430e-01,6.310684996408816305e-01,4.251827893342298714e-01,-6.311767894869846351e-01,6.317798010801169983e-01,4.249661550292408996e-01,-6.317869202557330199e-01
7.450779336700610322e-01,4.359179276147739923e-01,-7.835472062306994001e-01,6.403283441821477906e-01,4.615938601117747231e-01,-7.483204232343784179e-01,6.400852890174931753e-01,4.152478408942872901e-01,-6.715470372241854058e-01,6.396212307070789915e-01,4.096335521385554568e-01,-6.478292297748218243e-01,6.399733585029159233e-01,4.097250007601718758e-01,-6.420477869069403098e-01,6.505642199257134495e-01,4.861903692476007843e-01,-7.105583839594944440e-01,6.316688124662837023e-01,4.041273929888938299e-01,-6.444479643207342567e-01,6.366720513943368021e-01,4.090217280997434091e-01,-6.380777571634183021e-01,6.390644965287298751e-01,4.098256161441119483e-01,-6.391702109197674453e-01,6.397603758301392274e-01,4.096147708468177440e-01,-6.397673219201556183e-01
7.514509853283095620e-01,4.294154972521505020e-01,-7.889585260749318874e-01,6.493201355775939376e-01,4.513254525084373081e-01,-7.546124126535188603e-01,6.485393038134569244e-01,4.005386465310621924e-01,-6.790563373296139016e-01,6.475336301264722483e-01,3.943648283644213270e-01,-6.554946316096351699e-01,6.479671448585103688e-01,3.943767451166747540e-01,-6.499779173638163821e-01,6.588065229793400590e-01,4.737899227431235372e-01,-7.174282973892361914e-01,6.400516689423846328e-01,3.882540367970358508e-01,-6.525067396478780868e-01,6.447875780097833687e-01,3.939589911546879097e-01,-6.461583930756881200e-01,6.471101483646990449e-01,3.944501196308027868e-01,-6.472132791794997786e-01,6.477908651231093495e-01,3.942868102588100165e-01,-6.477976376776897194e-01
7.578240369865580917e-01,4.229130668895271228e-01,-7.943698459191644856e-01,6.583119269730403067e-01,4.410570449051001707e-01,-7.609044020726594137e-01,6.569933186094207844e-01,3.858294521678370947e-01,-6.865656374350425084e-01,6.554460295458657271e-01,3.790961045902871973e-01,-6.631600334444486267e-01,6.559609312141045923e-01,3.790284894731775212e-01,-6.579080478206922322e-01,6.670741384149270203e-01,4.613761544445789675e-01,-7.243169865610944447e-01,6.484768548139858702e-01,3.726373048462837678e-01,-6.606080803886039687e-01,6.529516717922830837e-01,3.789683187171377088e-01,-6.542875185213227196e-01,6.552054551487889178e-01,3.790562997943026646e-01,-6.553059942661814130e-01,6.558712689590281419e-01,3.789822732652184945e-01,-6.558778675283357673e-01
7.641970886448065103e-01,4.164106365269036880e-01,-7.997811657633969729e-01,6.673037183684865647e-01,4.307886373017628667e-01,-7.671963914917998562e-01,6.654473334053844225e-01,3.711202578046119416e-01,-6.940749375404708932e-01,6.636614207488857886e-01,3.642778249800305845e-01,-6.711268164680193049e-01,6.641098014944343264e-01,3.638976554165507804e-01,-6.659930274179189924e-01,6.753670662324745555e-01,4.489490643519669644e-01,-7.312244514750688706e-01,6.569443700810864151e-01,3.572771971366376365e-01,-6.687519865429113475e-01,6.611643327418359473e-01,3.640497107870926397e-01,-6.624651335003223229e-01,6.633529499693829878e-01,3.636516584582897837e-01,-6.634508158002596634e-01,6.640019103012904100e-01,3.637108698101700899e-01,-6.640083319682490437e-01
7.705701403030549290e-01,4.099082061642802532e-01,-8.051924856076295711e-01,6.762955097639329338e-01,4.205202296984255628e-01,-7.734883809109405206e-01,6.739013482013482825e-01,3.564110634413868439e-01,-7.015842376458995000e-01,6.721798037355325439e-01,3.499099895336522104e-01,-6.793949806803470937e-01,6.724137556994999043e-01,3.489842429467930884e-01,-6.742328561554973287e-01,6.836853064319824425e-01,4.365086524652874167e-01,-7.381506921311596914e-01,6.654542147436869337e-01,3.421737136680972902e-01,-6.769384581108001120e-01,6.694255608584424033e-01,3.492031673645530354e-01,-6.706912380126871520e-01,6.715526344391040681e-01,3.483751695409266769e-01,-6.716477496063741892e-01,6.721827897776094796e-01,3.485427035929746231e-01,-6.721890317592014163e-01
7.769431919613034587e-01,4.034057758016568185e-01,-8.106038054518620584e-01,6.852873011593791919e-01,4.102518220950883143e-01,-7.797803703300809630e-01,6.823553629973120316e-01,3.417018690781617463e-01,-7.090935377513279958e-01,6.806981867221791882e-01,3.355421540872737807e-01,-6.876631448926748824e-01,6.807177099045655932e-01,3.340708304770354520e-01,-6.824726848930757761e-01,6.920288590134509032e-01,4.240549187845408796e-01,-7.450957085293669069e-01,6.740063888017869820e-01,3.273268544406627290e-01,-6.851674950922704843e-01,6.777353561421020078e-01,3.344286884495188406e-01,-6.789658320584169848e-01,6.798019760071114526e-01,3.332656558579217276e-01,-6.798943380056258201e-01,6.804135846338268401e-01,3.334914325692759363e-01,-6.804196466589608194e-01
7.833162436195519884e-01,3.969033454390334392e-01,-8.160151252960945456e-01,6.942790925548254499e-01,3.999834144917510104e-01,-7.860723597492214054e-01,6.908093777932757806e-01,3.269926747149365931e-01,-7.166028378567564916e-01,6.892165697088258325e-01,3.211743186408954065e-01,-6.959313091050027822e-01,6.890216641096311712e-01,3.191574180072777045e-01,-6.907125136306541124e-01,7.003977239768799379e-01,4.115878633097270201e-01,-7.520595006696907392e-01,6.826008922553864489e-01,3.127366194543340083e-01,-6.934390974873220204e-01,6.860937185928152049e-01,3.197262740419898885e-01,-6.872889156375120434e-01,6.881009746734048083e-01,3.183231174092749360e-01,-6.881905809980141120e-01,6.886942948699424916e-01,3.185570567390741403e-01,-6.887001766675266978e-01
7.896892952778002961e-01,3.904009150764101710e-01,-8.214264451403269218e-01,7.032708839502714859e-01,3.897150068884139840e-01,-7.923643491683618478e-01,6.992633925892394187e-01,3.122834803517118285e-01,-7.241121379621849874e-01,6.977349526954723657e-01,3.068064831945173099e-01,-7.041994733173304599e-01,6.973256183146966380e-01,3.042440055375204011e-01,-6.989523423682323378e-01,7.087919013222691023e-01,3.991074860408460601e-01,-7.590420685521305222e-01,6.912377251044855564e-01,2.984030087091115724e-01,-7.017532652959552752e-01,6.945006482105812173e-01,3.050959241419664569e-01,-6.956604887499718837e-01,6.964496304379841352e-01,3.035475541949866907e-01,-6.965364785835390649e-01,6.970249204859563230e-01,3.037395761023695129e-01,-6.970306217848991626e-01
7.960623469360488258e-01,3.838984847137867362e-01,-8.268377649845595201e-01,7.122626753457178550e-01,3.794465992850767355e-01,-7.986563385875024013e-01,7.077174073852030567e-01,2.975742859884866753e-01,-7.316214380676133722e-01,7.062533356821190100e-01,2.924386477481388802e-01,-7.124676375296580266e-01,7.056295725197623270e-01,2.893305930677626536e-01,-7.071921711058107851e-01,7.172113910496189515e-01,3.866137869778975555e-01,-7.660434121766870330e-01,6.999168873490847487e-01,2.843260222049945329e-01,-7.101099985181700269e-01,7.029561449954007113e-01,2.905376387494481016e-01,-7.040805513957966166e-01,7.048479433008496553e-01,2.889389662150561588e-01,-7.049320307622012338e-01,7.054054614818682234e-01,2.890389906591612212e-01,-7.054109820110779916e-01
8.024353985942972445e-01,3.773960543511633015e-01,-8.322490848287920073e-01,7.212544667411640020e-01,3.691781916817393761e-01,-8.049483280066428437e-01,7.161714221811669168e-01,2.828650916252615777e-01,-7.391307381730417569e-01,7.147717186687656543e-01,2.780708123017605060e-01,-7.207358017419860374e-01,7.140106441444162844e-01,2.746796849485735326e-01,-7.155095364326775620e-01,7.256561931589291525e-01,3.741067661208817285e-01,-7.730635315433596055e-01,7.086383789891832485e-01,2.705056599419833341e-01,-7.185092971539661644e-01,7.114602089472737978e-01,2.760514178644351557e-01,-7.125491035749870194e-01,7.132959132620014797e-01,2.744973534694838402e-01,-7.133772375340000638e-01,7.138360794652544028e-01,2.744579805136824202e-01,-7.138414183493714260e-01
8.088084502525457742e-01,3.708936239885398667e-01,-8.376604046730244946e-01,7.302462581366102601e-01,3.589097840784020721e-01,-8.112403174257833971e-01,7.246254369771305548e-01,2.681558972620363135e-01,-7.466400382784702527e-01,7.232901016554124096e-01,2.637029768553821318e-01,-7.290039659543138262e-01,7.226230680278368235e-01,2.608162898810877373e-01,-7.240595115274104376e-01,7.341263076501999274e-01,3.615864234697985236e-01,-7.801024266521487949e-01,7.174022000247821662e-01,2.569419219200780868e-01,-7.269511612033444647e-01,7.200128400662001438e-01,2.616372614869274527e-01,-7.210661452875423150e-01,7.217935403214391643e-01,2.602227159582696236e-01,-7.218720988989357767e-01,7.223170982320840094e-01,2.600661705993671524e-01,-7.223222535170479297e-01
8.151815019107941929e-01,3.643911936259164874e-01,-8.430717245172569818e-01,7.392380495320567402e-01,3.486413764750648236e-01,-8.175323068449239505e-01,7.330794517730943038e-01,2.534467028988112713e-01,-7.541493383838987485e-01,7.318084846420591649e-01,2.493351414090037577e-01,-7.372721301666416149e-01,7.312354919112573626e-01,2.469528948136018864e-01,-7.326094866221434243e-01,7.426217345234311651e-01,3.490527590246480516e-01,-7.871600975030544900e-01,7.262083504558801694e-01,2.436348081392786247e-01,-7.354355906663038178e-01,7.286140383521798602e-01,2.472951696169251035e-01,-7.296316765334626142e-01,7.303408244791629311e-01,2.461150536814135925e-01,-7.304166148570081507e-01,7.308480333081226465e-01,2.458940794385029716e-01,-7.308530049305772547e-01
8.215545535690427226e-01,3.578887632632931082e-01,-8.484830443614895801e-01,7.482298409275029982e-01,3.383729688717275752e-01,-8.238242962640645040e-01,7.415334665690582749e-01,2.387375085355861737e-01,-7.616586384893273554e-01,7.403268676287058092e-01,2.349673059626253280e-01,-7.455402943789694037e-01,7.398479157946779017e-01,2.330894997461160079e-01,-7.411594617168763000e-01,7.511424737786228656e-01,3.365057727854304237e-01,-7.942365440960762468e-01,7.350568302824775913e-01,2.305843185995849198e-01,-7.439625855428443346e-01,7.372638038052126142e-01,2.330251422544280249e-01,-7.382456973127478062e-01,7.389377657351727802e-01,2.321743666389156080e-01,-7.390107854082175187e-01,7.394288846933698700e-01,2.319417070310897111e-01,-7.394336725899594009e-01
8.279276052272911413e-01,3.513863329006695624e-01,-8.538943642057220673e-01,7.572216323229492563e-01,3.281045612683902712e-01,-8.301162856832049464e-01,7.499874813650220240e-01,2.240283141723609928e-01,-7.691679385947558512e-01,7.488452506153524535e-01,2.205994705162469538e-01,-7.538084585912973035e-01,7.484603396780984408e-01,2.192261046786301848e-01,-7.497094368116092866e-01,7.596885254157749179e-01,3.239454647521453068e-01,-8.013317664312145094e-01,7.439476395045749868e-01,2.177904533009971666e-01,-7.525321458329666813e-01,7.459621364252988496e-01,2.188271793994363557e-01,-7.469082076253983349e-01,7.475843640894689335e-01,2.184006548307758921e-01,-7.476546105525639918e-01,7.480596523878261239e-01,2.182090533771274266e-01,-7.480642564951944795e-01
8.343006568855396710e-01,3.448839025380462386e-01,-8.593056840499545546e-01,7.662134237183955143e-01,3.178361536650530228e-01,-8.364082751023454998e-01,7.584414961609856620e-01,2.093191198091359229e-01,-7.766772387001843470e-01,7.573636336019990978e-01,2.062316350698685519e-01,-7.620766228036250922e-01,7.570727635615190909e-01,2.053627096111443340e-01,-7.582594119063422733e-01,7.682598894348874330e-01,3.113718349247928119e-01,-8.084457645084690558e-01,7.528807781221719120e-01,2.052532122435151152e-01,-7.611442715366704137e-01,7.547090362124387886e-01,2.047012810519499293e-01,-7.556192074714139784e-01,7.562806195420511690e-01,2.047939182569943062e-01,-7.563480902900469038e-01,7.567403363914911862e-01,2.046961184766162012e-01,-7.567447566462824904e-01
8.406737085437880896e-01,3.383814721754228039e-01,-8.647170038941870418e-01,7.752052151138417724e-01,3.075677460617157744e-01,-8.427002645214860532e-01,7.668955109569495221e-01,1.946099254459107697e-01,-7.841865388056129538e-01,7.658820165886458531e-01,1.918637996234901499e-01,-7.703447870159527699e-01,7.656851874449396300e-01,1.914993145436584832e-01,-7.668093870010751489e-01,7.768565658359605219e-01,2.987848833033731610e-01,-8.155785383278401079e-01,7.618562461352686999e-01,1.929725954271390431e-01,-7.697989626539558650e-01,7.635045031666316540e-01,1.906474472119688013e-01,-7.643786968507945145e-01,7.650265320929191537e-01,1.913541569175708223e-01,-7.650912246206666989e-01,7.654709367043647239e-01,1.914029023295558130e-01,-7.654751730432229895e-01
8.470467602020367304e-01,3.318790418127993691e-01,-8.701283237384197511e-01,7.841970065092880304e-01,2.972993384583785259e-01,-8.489922539406264956e-01,7.762196905186669049e-01,1.870806134407427823e-01,-7.928190772533837416e-01,7.749773843284533115e-01,1.809725228084196613e-01,-7.792227748963144185e-01,7.746041140883600518e-01,1.793595386250776691e-01,-7.756699791630523588e-01,7.854785546189940737e-01,2.861846098878861877e-01,-8.227300878893274438e-01,7.708740435438652394e-01,1.809486028518687561e-01,-7.784962191848228130e-01,7.723830412743891705e-01,1.768700617446067880e-01,-7.732215430507745069e-01,7.738270914832008351e-01,1.781912101084658639e-01,-7.738890192918943534e-01,7.742521013003194064e-01,1.783853164685583748e-01,-7.742561541648869117e-01
8.534198118602851491e-01,3.253766114501759343e-01,-8.755396435826521273e-01,7.931887979047342885e-01,2.870309308550412219e-01,-8.552842433597669380e-01,7.855438700803848429e-01,1.795513014355746839e-01,-8.014516157011553066e-01,7.840727520682613250e-01,1.700812459933487841e-01,-7.881007627766766221e-01,7.835230407317808066e-01,1.672197627064962999e-01,-7.845305713250296797e-01,7.941258557839879773e-01,2.735710146783317809e-01,-8.299004131929312855e-01,7.799341703479610866e-01,1.691812345177043375e-01,-7.872360411292711468e-01,7.813100195292774774e-01,1.635927415087289338e-01,-7.821128897445861483e-01,7.826773100672401728e-01,1.654176611026275667e-01,-7.827364781100361046e-01,7.830831832357008082e-01,1.656996262572556222e-01,-7.830870528030664524e-01
8.597928635185335677e-01,3.188741810875525551e-01,-8.809509634268847256e-01,8.021805893001806576e-01,2.767625232517039735e-01,-8.615762327789076025e-01,7.948680496421031139e-01,1.720219894304066133e-01,-8.100841541489268716e-01,7.931681198080691164e-01,1.591899691782778792e-01,-7.969787506570387148e-01,7.924419673752016724e-01,1.550799867879149585e-01,-7.933911634870072227e-01,8.027984693309423436e-01,2.609440976747101071e-01,-8.370895142386512999e-01,7.890366265475567964e-01,1.576704904246457595e-01,-7.960184284873009775e-01,7.902854379312971300e-01,1.508154865043358217e-01,-7.910527369322298830e-01,7.915771878450373888e-01,1.530335099000565413e-01,-7.916336010750920638e-01,7.919641825105092625e-01,1.533458316956482215e-01,-7.919678689577622777e-01
8.661659151767820974e-01,3.123717507249291203e-01,-8.863622832711173238e-01,8.111723806956270266e-01,2.664941156483667251e-01,-8.678682221980482669e-01,8.041922292038210518e-01,1.644926774252384871e-01,-8.187166925966983255e-01,8.022634875478771299e-01,1.482986923632069465e-01,-8.058567385374006964e-01,8.013608940186225382e-01,1.429402108693335893e-01,-8.022517556489847657e-01,8.114963952598573949e-01,2.483038588770213329e-01,-8.442973910264878201e-01,7.981814121426521469e-01,1.464163705726929110e-01,-8.048433812589121938e-01,7.993092964804469069e-01,1.385382967314273683e-01,-8.000410846137049337e-01,8.005267248165920391e-01,1.410387565007528154e-01,-8.005803881870620087e-01,8.008950991247447693e-01,1.413239327837362280e-01,-8.008986026289739435e-01
8.725389668350306271e-01,3.058693203623057411e-01,-8.917736031153498111e-01,8.201641720910733957e-01,2.562257080450294211e-01,-8.741602116171887094e-01,8.135164087655391008e-01,1.569633654200703887e-01,-8.273492310444698905e-01,8.113588552876849214e-01,1.374074155481360415e-01,-8.147347264177626780e-01,8.102798206620432930e-01,1.308004349507522202e-01,-8.111123478109620866e-01,8.202196335707329089e-01,2.356502982852652084e-01,-8.515240435564409571e-01,8.073685271332473601e-01,1.354188749618460419e-01,-8.137108994441052401e-01,8.083815951767271413e-01,1.267611721900036570e-01,-8.090779327890113004e-01,8.095259209819044566e-01,1.294334009047163614e-01,-8.095768394459461614e-01,8.098759330784072175e-01,1.296339295215196974e-01,-8.098792538167016719e-01
8.789120184932790458e-01,2.993668899996823063e-01,-8.971849229595822983e-01,8.291559634865196537e-01,2.459573004416921171e-01,-8.804522010363292628e-01,8.228405883272570387e-01,1.494340534149022626e-01,-8.359817694922412334e-01,8.204542230274929349e-01,1.265161387330651366e-01,-8.236127142981248817e-01,8.191987473054640478e-01,1.186606590321708926e-01,-8.199729399729396295e-01,8.289681842635684417e-01,2.229834158994415672e-01,-8.587694718285098228e-01,8.165979715193422139e-01,1.246780035921049579e-01,-8.226209830428797831e-01,8.175023340201379440e-01,1.154841128800646460e-01,-8.181632814581490942e-01,8.185747763409745303e-01,1.182174431119472069e-01,-8.186229548517443000e-01,8.189066843714963850e-01,1.182758219089984492e-01,-8.189098225209451298e-01
8.852850701515274645e-01,2.928644596370588715e-01,-9.025962428038147856e-01,8.381477548819658008e-01,2.356888928383548132e-01,-8.867441904554695942e-01,8.321647678889749766e-01,1.419047414097341364e-01,-8.446143079400125764e-01,8.295495907673007263e-01,1.156248619179942455e-01,-8.324907021784868633e-01,8.283458516607689059e-01,1.083625724637126558e-01,-8.290668457383586487e-01,8.377420473383648813e-01,2.103032117195508255e-01,-8.660336758426957493e-01,8.258697453009362643e-01,1.141937564634697283e-01,-8.315736320552352678e-01,8.266715130106795373e-01,1.047071188016103493e-01,-8.272971306211187592e-01,8.276732908938021493e-01,1.073908831224453242e-01,-8.277187344044563133e-01,8.279878402698449547e-01,1.072852229308465521e-01,-8.279907987072244735e-01
8.916581218097761052e-01,2.863620292744354368e-01,-9.080075626480473838e-01,8.471395462774121699e-01,2.254204852350175647e-01,-8.930361798746102586e-01,8.414889474506931366e-01,1.343754294045660380e-01,-8.532468463877842524e-01,8.386449585071086288e-01,1.047335851029233267e-01,-8.413686900588489559e-01,8.375690152533691313e-01,9.867838234529492658e-02,-8.382385227049254928e-01,8.465412227951215618e-01,1.976096857455925671e-01,-8.733166555989976265e-01,8.351838484780302885e-01,1.039661335759403116e-01,-8.405688464811726934e-01,8.358891321483520320e-01,9.443018995464078080e-02,-8.364794802779198513e-01,8.368214646403870915e-01,9.695372093621074105e-02,-8.368641781040823124e-01,8.371190769293421763e-01,9.674473055174014069e-02,-8.371218569754244054e-01
8.980311734680244129e-01,2.798595989118120575e-01,-9.134188824922797600e-01,8.561313376728583169e-01,2.151520776316802885e-01,-8.993281692937507010e-01,8.508131270124112966e-01,1.268461173993979396e-01,-8.618793848355558174e-01,8.477403262469167533e-01,9.384230828785242173e-02,-8.502466779392110485e-01,8.467921788459692456e-01,8.899419222687721120e-02,-8.474101996714923368e-01,8.553657106338388161e-01,1.849028379775670694e-01,-8.806184110974160095e-01,8.445402810506238422e-01,9.399513492951674931e-02,-8.496066263206913938e-01,8.451551914331546511e-01,8.465332633915589877e-02,-8.457103304285524814e-01,8.460192975807301341e-01,8.690595655324338809e-02,-8.460592859506225194e-01,8.463002320708691295e-01,8.665766519885413632e-02,-8.463028341813580990e-01
9.044042251262729426e-01,2.733571685491886227e-01,-9.188302023365122473e-01,8.651231290683047970e-01,2.048836700283429846e-01,-9.056201587128912545e-01,8.601373065741292345e-01,1.193168053942298273e-01,-8.705119232833272713e-01,8.568356939867245448e-01,8.295103147278151678e-02,-8.591246658195730301e-01,8.560153424385694709e-01,7.931000210845950971e-02,-8.565818766380590699e-01,8.642155108545165332e-01,1.721826684154743048e-01,-8.879389423379506763e-01,8.539390430187174807e-01,8.428076052419899988e-02,-8.586869715737919240e-01,8.544696908650882827e-01,7.537652795515574489e-02,-8.549896810730167607e-01,8.552667897148304998e-01,7.724758997354336243e-02,-8.553040579440764901e-01,8.555313056944257033e-01,7.702402687218856681e-02,-8.555337303250251102e-01
9.107772767845214723e-01,2.668547381865652435e-01,-9.242415221807449566e-01,8.741149204637510550e-01,1.946152624250057361e-01,-9.119121481320318079e-01,8.694614861358471725e-01,1.117874933890617012e-01,-8.791444617310986143e-01,8.659310617265325583e-01,7.205975465771061184e-02,-8.680026536999351228e-01,8.652385060311695852e-01,6.962581199004179433e-02,-8.657535536046260249e-01,8.730906234571546021e-01,1.594491770593142732e-01,-8.952782493206019598e-01,8.633801343823105379e-01,7.482301035998710492e-02,-8.678098822404739510e-01,8.638326304441519277e-01,6.659979480264030527e-02,-8.643175322113120229e-01,8.645639410426886329e-01,6.797862119711060858e-02,-8.645984940844448907e-01,8.648122978000115646e-01,6.784381557174336275e-02,-8.648145454064248838e-01
9.171503284427698910e-01,2.603523078239417532e-01,-9.296528420249773328e-01,8.831067118591972021e-01,1.843468548216684599e-01,-9.182041375511722503e-01,8.787856656975652214e-01,1.042581813838936167e-01,-8.877770001788702903e-01,8.750264294663404607e-01,6.116847784263971383e-02,-8.768806415802972154e-01,8.744616696237696996e-01,5.994162187162407202e-02,-8.749252305711927580e-01,8.819910484417530228e-01,1.467023639090867249e-01,-9.026363320453693051e-01,8.728635551414033467e-01,6.562188443688110606e-02,-8.769753583207373637e-01,8.732440101703465851e-01,5.832312688160957298e-02,-8.736938838434392673e-01,8.739107515643043111e-01,5.909905022394510571e-02,-8.739425943717270551e-01,8.741432083876269354e-01,5.911703129751862129e-02,-8.741452794255578640e-01
9.235233801010183097e-01,2.538498774613183739e-01,-9.350641618692099311e-01,8.920985032546435711e-01,1.740784472183312115e-01,-9.244961269703128037e-01,8.881098452592832704e-01,9.672886937872551827e-02,-8.964095386266417442e-01,8.843911488027942358e-01,5.353364582944480227e-02,-8.860668500996587982e-01,8.838356528052413452e-01,5.188034550252122040e-02,-8.842526640080710099e-01,8.909167858083122393e-01,1.339422289647921593e-01,-9.100131905122531562e-01,8.823893052959956851e-01,5.667738275488094085e-02,-8.861833998145821623e-01,8.827038300436720331e-01,5.054652419206356190e-02,-8.831187359693981609e-01,8.833096710963631581e-01,5.065685472416245339e-02,-8.833389241743409004e-01,8.835243635365416237e-01,5.086208715805008718e-02,-8.835262619572971099e-01
9.298964317592668394e-01,2.473474470986949392e-01,-9.404754817134424183e-01,9.010902946500899402e-01,1.638100396149939353e-01,-9.307881163894533572e-01,8.974340248210014304e-01,8.919955737355740599e-02,-9.050420770744133092e-01,8.940252197358944386e-01,4.915525861812562042e-02,-8.955612792580200932e-01,8.933604555755841892e-01,4.544198288273360031e-02,-8.937358539152604475e-01,8.998678355568315856e-01,1.211687722264301464e-01,-9.174088247212534020e-01,8.919573848460876642e-01,4.798950531398658154e-02,-8.954340067220086796e-01,8.922120900641273833e-01,4.326998673400224427e-02,-8.925920885891880374e-01,8.927607044349211707e-01,4.284541805913033574e-02,-8.927874887954264649e-01,8.929557642036956011e-01,4.317713730943015249e-02,-8.929574941908429153e-01
9.362694834175153691e-01,2.408450167360715044e-01,-9.458868015576749055e-01,9.100820860455360872e-01,1.535416320116566591e-01,-9.370801058085937996e-01,9.067582043827193683e-01,8.167024536838929372e-02,-9.136746155221846521e-01,9.036592906689944193e-01,4.477687140680643163e-02,-9.050557084163814991e-01,9.028852583459270331e-01,3.900362026294598022e-02,-9.032190438224497742e-01,9.088441976873116168e-01,1.083819936940008249e-01,-9.248232346723700426e-01,9.015677937916793949e-01,3.955825211419806281e-02,-9.047271790430164717e-01,9.017687902317140791e-01,3.649351450742565478e-02,-9.021139417028100072e-01,9.022614033619765772e-01,3.568122367919009802e-02,-9.022857246342772530e-01,9.024370846287997905e-01,3.607648669515325229e-02,-9.024386469477221340e-01
9.426425350757637878e-01,2.343425863734481251e-01,-9.512981214019073928e-01,9.190738774409825673e-01,1.432732244083193551e-01,-9.433720952277344640e-01,9.160823839444374173e-01,7.414093336322119532e-02,-9.223071539699561061e-01,9.132933616020948442e-01,4.039848419548725672e-02,-9.145501375747431272e-01,9.124100611162699881e-01,3.256525764315836013e-02,-9.127022337296391008e-01,9.178458721997522218e-01,9.558189336750419485e-02,-9.322564203656030779e-01,9.112205321327706553e-01,3.138362315551532916e-02,-9.140629167776057606e-01,9.113739305464311213e-01,3.021710751233379344e-02,-9.116842953102632929e-01,9.118117678775295998e-01,2.916427158434174022e-02,-9.118336316908939310e-01,9.119683248118540808e-01,2.956013531521942128e-02,-9.119697202279350989e-01
9.490155867340120954e-01,2.278401560108248569e-01,-9.567094412461398800e-01,9.280656688364284923e-01,1.330048168049823287e-01,-9.496640846468746844e-01,9.254065635061552442e-01,6.661162135805324958e-02,-9.309396924177275601e-01,9.229274325351948249e-01,3.602009698416817202e-02,-9.240445667331045332e-01,9.219348638866127210e-01,2.612689502337088923e-02,-9.221854236368284274e-01,9.268728590941527345e-01,8.276847124694053370e-02,-9.397083818009521750e-01,9.209155998693616674e-01,2.346561843793869284e-02,-9.234412199257766574e-01,9.210275110082785099e-01,2.444076574872675392e-02,-9.213031494115477837e-01,9.214117979815796833e-01,2.329456177458538030e-02,-9.214312099652756105e-01,9.215494847528583611e-01,2.362808316962874619e-02,-9.215507140314814771e-01
9.553886383922606251e-01,2.213377256482014221e-01,-9.621207610903723673e-01,9.370574602318749724e-01,1.227364092016450803e-01,-9.559560740660153488e-01,9.347307430678732931e-01,5.908230935288513036e-02,-9.395722308654990140e-01,9.325615034682950277e-01,3.164170977284899711e-02,-9.335389958914660502e-01,9.314596666569555650e-01,1.968853240358326914e-02,-9.316686135440177541e-01,9.359251583705141542e-01,6.994172733230930028e-02,-9.471791189784179998e-01,9.306529970014524311e-01,1.580423796146764037e-02,-9.328620884875291619e-01,9.307295316172565780e-01,1.916448921660425520e-02,-9.309705040066639237e-01,9.310614936741277159e-01,1.807209424992075805e-02,-9.310784594574232909e-01,9.311805644518125202e-01,1.828033025838099457e-02,-9.311816283583611575e-01
9.617616900505091548e-01,2.148352952855779874e-01,-9.675320809346048545e-01,9.460492516273210084e-01,1.124680015983077208e-01,-9.622480634851556802e-01,9.440549226295914531e-01,5.155299734771703890e-02,-9.482047693132706900e-01,9.421955744013954526e-01,2.726332256152981873e-02,-9.430334250498276782e-01,9.410591379853218141e-01,1.427372387994286194e-02,-9.412297657354309344e-01,9.450027700288358146e-01,5.710166162361066111e-02,-9.546686318979998864e-01,9.404327235290427245e-01,8.399481726102530840e-03,-9.423255224628629412e-01,9.404799923733655476e-01,1.438827791596652972e-02,-9.406863590956119348e-01,9.407608549551731425e-01,1.349686901034801399e-02,-9.407753801673365279e-01,9.408617274935970887e-01,1.352273197002183854e-02,-9.408626300683321508e-01
9.681347417087576845e-01,2.083328649229545526e-01,-9.729434007788374528e-01,9.550410430227673775e-01,1.021995939949704446e-01,-9.685400529042963447e-01,9.533791021913093910e-01,4.402368534254892662e-02,-9.568373077610421440e-01,9.518296453344956554e-01,2.288493535021064035e-02,-9.525278542081891953e-01,9.508826149877573908e-01,1.192957764474475955e-02,-9.510248047795151205e-01,9.541056940691182708e-01,4.424827412084476885e-02,-9.621769205596985008e-01,9.502547794521327695e-01,1.251349731843236094e-03,-9.518315218517784393e-01,9.502788932766049745e-01,1.011213184681349943e-02,-9.504507146783914839e-01,9.505098818247165182e-01,9.568886055867156792e-03,-9.505219720950157658e-01,9.505933022083040695e-01,9.454064349162079328e-03,-9.505940537210845198e-01
9.745077933670062142e-01,2.018304345603311456e-01,-9.783547206230700510e-01,9.640328344182136355e-01,9.193118639163322392e-02,-9.748320423234367871e-01,9.627032817530274400e-01,3.649437333738082823e-02,-9.654698462088135980e-01,9.614637162675958582e-01,1.850654813889145850e-02,-9.620222833665507123e-01,9.607060919901933005e-01,9.585431409546655429e-03,-9.608198438235993066e-01,9.632339304913609679e-01,3.138156482401165126e-02,-9.697039849635133990e-01,9.601191647707225663e-01,-5.640158021310219365e-03,-9.613800866542753232e-01,9.601262343269748589e-01,6.336051009145174731e-03,-9.602635707550021271e-01,9.603085742827570659e-01,6.288145386478169972e-03,-9.603182352404604494e-01,9.603747985374964102e-01,6.109000390676176152e-03,-9.603753992414547636e-01
9.808808450252546329e-01,1.953280041977077386e-01,-9.837660404673025383e-01,9.730246258136601156e-01,8.166277878829590609e-02,-9.811240317425774515e-01,9.720274613147453779e-01,2.896506133221271595e-02,-9.741023846565849409e-01,9.710977872006960609e-01,1.412816092757228359e-02,-9.715167125249122293e-01,9.705295689926287661e-01,7.241285174348547835e-03,-9.706148828676833817e-01,9.723874792955642388e-01,1.850153373311107241e-02,-9.772498251094446919e-01,9.700258794848120036e-01,-1.227504153335794851e-02,-9.709712168703537039e-01,9.700220155244755338e-01,3.060035402961561266e-03,-9.701249273254445304e-01,9.701569323292950076e-01,3.654647002181068711e-03,-9.701641696036703566e-01,9.702062164811739997e-01,3.487540094564132043e-03,-9.702066666294435482e-01
9.872538966835031626e-01,1.888255738350843038e-01,-9.891773603115350255e-01,9.820164172091062627e-01,7.139437118495862988e-02,-9.874160211617178939e-01,9.813516408764634269e-01,2.143574932704461755e-02,-9.827349231043565059e-01,9.807318581337962637e-01,9.749773716253105210e-03,-9.810111416832736353e-01,9.803530459950645648e-01,4.897138939150445444e-03,-9.804099219117676789e-01,9.815663404817279725e-01,5.608180848143415678e-03,-9.848144409974922686e-01,9.799749235944011927e-01,-1.865330080429975987e-02,-9.806049125000139144e-01,9.799662368691066661e-01,2.840850282626738326e-04,-9.800347843897185829e-01,9.800549559643308983e-01,1.668390902975851490e-03,-9.800597751846464867e-01,9.800875560393373931e-01,1.589683460825947869e-03,-9.800878558850506517e-01
9.936269483417514703e-01,1.823231434724609246e-01,-9.945886801557675128e-01,9.910082086045525207e-01,6.112596358162137450e-02,-9.937080105808583363e-01,9.906758204381815869e-01,1.390643732187650528e-02,-9.913674615521280709e-01,9.903659290668964665e-01,5.371386504933930300e-03,-9.905055708416352633e-01,9.901765229975003635e-01,2.552992703952339584e-03,-9.902049609558518650e-01,9.907705140498520580e-01,-7.298493830891689300e-03,-9.923978326276562401e-01,9.899662970994896893e-01,-2.477493583413569941e-02,-9.902811735432551776e-01,9.899588983608684778e-01,-1.991800114951532402e-03,-9.899931419478239514e-01,9.900026451878640721e-01,3.293770888625099620e-04,-9.900050519833877294e-01,9.900188172119857022e-01,4.154304894616196167e-04,-9.900189670082759630e-01
1.000000000000000000e+00,1.758207131098374898e-01,-1.000000000000000000e+00,9.999999999999993339e-01,5.085755597828394564e-02,-9.999999999999993339e-01,9.999999999998995248e-01,6.377125316708381723e-03,-9.999999999998995248e-01,9.999999999999968914e-01,9.929992936147451991e-04,-9.999999999999968914e-01,9.999999999999360512e-01,2.088464687542341039e-04,-9.999999999999360512e-01,9.999999999999366063e-01,-2.021849030399408553e-02,-9.999999999999366063e-01,1.000000000000078604e+00,-3.063994662286602388e-02,-1.000000000000078604e+00,9.999999999997610800e-01,-3.767620026680996125e-03,-9.999999999997610800e-01,9.999999999998949729e-01,-3.623944401589699682e-04,-9.999999999998949729e-01,9.999999999991198152e-01,-3.521881952884735941e-05,-9.999999999991198152e-01
