1.844711412585317289e-01,1.684850335835778590e-01,-2.812191631681159043e-01,-1.605246800247415312e-02,2.377448611735435285e-02,-1.670509096520537418e-01,-8.750008161646120192e-03,-1.042707378837396678e-04,-3.880645276370156549e-02,-2.362996180531966566e-03,-5.404730257114588685e-04,-9.443047023439959595e-03,-6.040631783094715240e-04,-1.732837554067492934e-04,-2.348578735050676179e-03,-6.462186178704358575e-02,-4.952614412896282070e-02,-3.849715372060276419e-02,-3.426112821141158449e-02,-3.079369574821857677e-02,1.715646493615752277e-02,-1.135266344910738912e-02,-3.636489516678227674e-03,9.495321464655589322e-03,-3.074185031989143651e-03,-3.504214568988877677e-04,2.941477876776264939e-03,-7.994890556706267613e-04,-3.475065477175170824e-05,8.375761426692434220e-04
1.862691898543979430e-01,1.751496436827570669e-01,-2.831452391907287036e-01,-1.508662229117591763e-02,3.406269669970705960e-02,-1.684930194061252662e-01,-8.198688923463846173e-03,7.398380155673158799e-03,-3.949328333824386750e-02,-2.062712019789253101e-03,3.832728014803549535e-03,-9.764623314518085240e-03,-4.496575617090359006e-04,2.170081416261500449e-03,-2.505859542155523204e-03,-6.376643838101353490e-02,-3.640118941688175874e-02,-3.963619713997159483e-02,-3.409187833709570459e-02,-2.495953479108675016e-02,1.693236845526075590e-02,-1.130575525185522658e-02,-1.867128868911812310e-03,9.443766957356519720e-03,-3.046251252494200281e-03,3.408458252412249040e-04,2.913267135955742090e-03,-7.741202226864733141e-04,4.158710586606000352e-04,8.122107146419195933e-04
1.880672384502641847e-01,1.818142537819363580e-01,-2.850713152133415584e-01,-1.412077657987768214e-02,4.435090728205976635e-02,-1.699351291601967628e-01,-7.647369685281571287e-03,1.490103104923006828e-02,-4.018011391278616951e-02,-1.762427859046539853e-03,8.205929055318559456e-03,-1.008619960559621435e-02,-2.952519451086004399e-04,4.513446587929749107e-03,-2.663140349260369362e-03,-6.287362103583754580e-02,-2.328619087312064698e-02,-4.081108203043946198e-02,-3.387769010491664678e-02,-1.886857883287979681e-02,1.666226344909907398e-02,-1.121012552255592522e-02,4.024142727922336532e-04,9.343341308144724813e-03,-2.968628215571406711e-03,1.679367415852288771e-03,2.835354518064511862e-03,-6.988227246255439068e-04,1.590095954662419349e-03,7.369110212234389464e-04
1.898652870461304265e-01,1.884788638811156491e-01,-2.869973912359544133e-01,-1.315493086857944839e-02,5.463911786441247309e-02,-1.713772389142683150e-01,-7.096050447099299004e-03,2.240368194278696823e-02,-4.086694448732848539e-02,-1.462143698303826171e-03,1.257913009583356417e-02,-1.040777589667434000e-02,-1.408463285081647893e-04,6.856811759597998199e-03,-2.820421156365215953e-03,-6.194340975151566703e-02,-1.018114849767978031e-02,-4.202180839200630319e-02,-3.361856351487441108e-02,-1.252082787359769765e-02,1.634614991767248740e-02,-1.106577426120949025e-02,3.172139908433909295e-03,9.194044517020201132e-03,-2.841315921220761639e-03,3.665143314934302642e-03,2.707740023102575121e-03,-5.735965614878387559e-04,3.487924033233707338e-03,6.116770624138013731e-04
1.916633356419966128e-01,1.951434739802948570e-01,-2.889234672585672126e-01,-1.218908515728121117e-02,6.492732844676521453e-02,-1.728193486683398394e-01,-6.544731208917024985e-03,2.990633283634387685e-02,-4.155377506187079434e-02,-1.161859537561113357e-03,1.695233113634857236e-02,-1.072935218775246738e-02,1.355928809227086116e-05,9.200176931266249025e-03,-2.977701963470062111e-03,-6.097580452804785694e-02,2.913937709441006933e-03,-4.326837622467213929e-02,-3.331449856696901829e-02,-5.916281913240416246e-03,1.598402786098098577e-02,-1.087270146781591298e-02,6.442048038013236354e-03,8.995876583982946942e-03,-2.664314369442263766e-03,6.298173522487264184e-03,2.530423651069928833e-03,-3.984417332733576991e-04,6.109355294374461780e-03,4.365088382130069816e-04
1.934613842378628268e-01,2.018080840794740927e-01,-2.908495432811800674e-01,-1.122323944598298089e-02,7.521553902911790046e-02,-1.742614584224114194e-01,-5.993411970734750967e-03,3.740898372990077159e-02,-4.224060563641310329e-02,-8.615753768183994580e-04,2.132553217686358055e-02,-1.105092847883059476e-02,1.679649046927064575e-04,1.154354210293449985e-02,-3.134982770574909136e-03,-5.997080536543417106e-02,1.599906774824167571e-02,-4.455078552843697720e-02,-3.296549526120045454e-02,9.450590481919896165e-04,1.557589727902458643e-02,-1.063090714237519344e-02,1.021213866153018041e-02,8.748837509032962242e-03,-2.437623560235913957e-03,9.578458038511181855e-03,2.303405401966575165e-03,-1.733582399821005735e-04,9.454389738084685926e-03,2.114063486210557719e-04
1.952594328337290686e-01,2.084726941786533283e-01,-2.927756193037929222e-01,-1.025739373468474366e-02,8.550374961147062802e-02,-1.757035681764829160e-01,-5.442092732552476081e-03,4.491163462345767327e-02,-4.292743621095539835e-02,-5.612912160756864267e-04,2.569873321737858873e-02,-1.137250476990872214e-02,3.223705212931420538e-04,1.388690727460274894e-02,-3.292263577679755294e-03,-5.892841226367455387e-02,2.907424161872227200e-02,-4.586903630330083775e-02,-3.257155359756871288e-02,8.063195010699551052e-03,1.512175817180327030e-02,-1.034039128488733507e-02,1.448241177898476964e-02,8.452927292170247034e-03,-2.161243493601713514e-03,1.350599686300604611e-02,2.026685275792514118e-03,1.016539183859323497e-04,1.352302736436437371e-02,-6.363040636205228293e-05
1.970574814295953381e-01,2.151373042778326194e-01,-2.947016953264057770e-01,-9.291548023386508176e-03,9.579196019382335558e-02,-1.771456779305544404e-01,-4.890773494370202062e-03,5.241428551701458188e-02,-4.361426678549770730e-02,-2.610070553329726364e-04,3.007193425789359692e-02,-1.169408106098684952e-02,7.091306499119440134e-04,1.929985942739556939e-02,-3.685943429551128726e-03,-5.784862522276902619e-02,4.213945932088281054e-02,-4.722312854926372094e-02,-3.213267357607380026e-02,1.543812597428233409e-02,1.462161053931704258e-02,-1.000115389535233788e-02,1.925286739037699452e-02,8.108145933394801316e-03,-1.835174169539659835e-03,1.808078999597186043e-02,1.700263272547744607e-03,4.272013170523724659e-04,1.828059636221174289e-02,-3.892257815953391103e-04
1.988555300254615243e-01,2.218019143770118551e-01,-2.966277713490185208e-01,-8.325702312088272689e-03,1.060801707761760693e-01,-1.785877876846259649e-01,-4.339454256187928044e-03,5.991693641057147662e-02,-4.430109736004000931e-02,3.927710540974061176e-05,3.444513529840860511e-02,-1.201565735206497343e-02,1.173342282536867344e-03,2.573600724056323424e-02,-4.158422963011342705e-03,-5.673144424271759495e-02,5.519472085472323930e-02,-4.861306226632558514e-02,-3.164885519671570280e-02,2.306985193894019875e-02,1.407545438156590500e-02,-9.613194973770200144e-03,2.452350549570684463e-02,7.714493432706626824e-03,-1.459415588049755956e-03,2.330283743740861960e-02,1.324139392232268585e-03,8.028745290218622030e-04,2.362832019212778023e-02,-7.649601718460503777e-04
2.006535786213277106e-01,2.284665244761910075e-01,-2.985538473716313757e-01,-7.359856600790038068e-03,1.163683813585287552e-01,-1.800298974386974615e-01,-3.788135018005654026e-03,6.741958730412837830e-02,-4.498792793458231132e-02,3.395612661524540768e-04,3.881833633892361329e-02,-1.233723364314310081e-02,1.637553915161790458e-03,3.217215505373090256e-02,-4.630902496471556683e-03,-5.557686932352021852e-02,6.824002622024351317e-02,-5.003883745448645809e-02,-3.112009845949444825e-02,3.095837290467324046e-02,1.348328969854986278e-02,-9.176514520140920117e-03,3.029432609497433732e-02,7.271969790105721823e-03,-1.033967749131999058e-03,2.917213918731633576e-02,8.983136348460840984e-04,1.228470642051820733e-03,2.956034311299402320e-02,-1.190624977590693228e-03
2.024516272171939801e-01,2.351311345753703264e-01,-3.004799233942442305e-01,-6.394010889491805183e-03,1.266565919408814689e-01,-1.814720071927690137e-01,-3.236815779823379573e-03,7.492223819768528692e-02,-4.567475850912461333e-02,6.398454268951676502e-04,4.319153737943862148e-02,-1.265880993422122992e-02,2.101765547786714657e-03,3.860830286689858476e-02,-5.103382029931772396e-03,-5.438490046517698018e-02,8.127537541744368765e-02,-5.150045411374633980e-02,-3.054640336441001233e-02,3.910368887148141931e-02,1.284511649026890724e-02,-8.691112534464504741e-03,3.656532918817947259e-02,6.780575005592088915e-03,-5.588306527863906581e-04,3.568869524569500545e-02,4.227860003891915821e-04,1.703989656142248111e-03,3.607666512481046833e-02,-1.666220198829268528e-03
2.042496758130601942e-01,2.417957446745495620e-01,-3.024059994168570298e-01,-5.428165178193568828e-03,1.369448025232341826e-01,-1.829141169468405381e-01,-2.685496541641105555e-03,8.242488909124219554e-02,-4.636158908366692921e-02,9.401295876378807899e-04,4.756473841995362967e-02,-1.298038622529935557e-02,2.565977180411637987e-03,4.504445068006625308e-02,-5.575861563391986374e-03,-5.315553766768780358e-02,9.430076844632392929e-02,-5.299791224410522333e-02,-2.992776991146240545e-02,4.750579983936478040e-02,1.216093475672304185e-02,-8.156989016740950546e-03,4.333651477532223656e-02,6.240309079165728967e-03,-3.400429901293005919e-05,4.285250561254461826e-02,-1.024435111384088286e-04,2.229431571293144336e-03,4.317728622757711215e-02,-2.191745835561774870e-03
2.060477244089264359e-01,2.484603547737288531e-01,-3.043320754394698846e-01,-4.462319466895332473e-03,1.472330131055868963e-01,-1.843562267009120625e-01,-2.134177303458832404e-03,8.992753998479909028e-02,-4.704841965820923122e-02,1.240413748380594363e-03,5.193793946046863785e-02,-1.330196251637748295e-02,3.030188813036561318e-03,5.148059849323392140e-02,-6.048341096852201219e-03,-5.188878093105273731e-02,1.073162053068837801e-01,-5.453121184556309481e-02,-2.926419810065162760e-02,5.616470580832324394e-02,1.143074449791227180e-02,-7.574143966970254063e-03,5.060788285640262230e-02,5.651172010826635041e-03,5.405113121883810788e-04,5.066357028786518113e-02,-6.773748997367160223e-04,2.804796387504508975e-03,5.086220642129395120e-02,-2.767201887788213119e-03
2.078457730047926499e-01,2.551249648729080888e-01,-3.062581514620827394e-01,-3.496473755597096986e-03,1.575212236879396099e-01,-1.857983364549835870e-01,-1.582858065276558385e-03,9.743019087835598502e-02,-4.773525023275153323e-02,1.844182322196425122e-03,5.956346455675301521e-02,-1.394515718364142814e-02,3.649494187940888201e-03,5.953917120255416973e-02,-6.678246891558160293e-03,-5.058463025527174667e-02,1.203216859991237814e-01,-5.610035291811996810e-02,-2.855568793197767533e-02,6.508040677835692789e-02,1.065454571383658670e-02,-6.942577385152418762e-03,5.837943343142065061e-02,5.013163800574812340e-03,1.167858690495095914e-03,5.910537771508268118e-02,-1.305208921879226144e-03,3.430480667018835639e-03,5.911712259008667508e-02,-3.392979724405678198e-03
2.096438216006588917e-01,2.617895749720873799e-01,-3.081842274846955387e-01,-2.530628044298859763e-03,1.678094342702923236e-01,-1.872404462090551114e-01,-1.031538827094283933e-03,1.049328417719129075e-01,-4.842208080729383524e-02,2.751435309085373607e-03,7.044131370880678256e-02,-1.490997022709119116e-02,4.423893305124617335e-03,6.922016880802699113e-02,-7.465578947509864463e-03,-4.924308564034484553e-02,1.333172105230436277e-01,-5.770533546177590567e-02,-2.780223940544055555e-02,7.425290274946572122e-02,9.832338404495995221e-03,-6.262289271287441172e-03,6.665116650037632151e-02,4.326284448410258263e-03,1.848036300436579210e-03,6.798454125775862944e-02,-1.985943329815956660e-03,4.106481132139294665e-03,6.784388068263709493e-02,-4.069080244709640665e-03
2.114418701965250780e-01,2.684541850712665600e-01,-3.101103035073082825e-01,-1.564782333000626011e-03,1.780976448526450373e-01,-1.886825559631266358e-01,-4.802195889120099148e-04,1.124354926654697884e-01,-4.910891138183614418e-02,3.658688295974319923e-03,8.131916286086049439e-02,-1.587478327054095417e-02,5.198292422308344735e-03,7.890116641349978477e-02,-8.252911003461567765e-03,-4.786414708627201309e-02,1.463027788786433192e-01,-5.934615947653076179e-02,-2.700385252104025441e-02,8.368219372164968639e-02,8.964122569890490416e-03,-5.533279625375328234e-03,7.542308206326960029e-02,3.590533954332978013e-03,2.577901120511734336e-03,7.725311026032090356e-02,-2.716376617823414337e-03,4.832400128057788916e-03,7.702406579771363393e-02,-4.795112379568168375e-03
2.132399187923913197e-01,2.751187951704459067e-01,-3.120363795299212484e-01,-5.989366217023939926e-04,1.883858554349977510e-01,-1.901246657171981602e-01,7.109964927026410364e-05,1.199381435590266970e-01,-4.979574195637845313e-02,4.565941282863267975e-03,9.219701201291424786e-02,-1.683959631399071372e-02,5.972691539492073869e-03,8.858216401897260617e-02,-9.040243059413272803e-03,-4.644781459305331872e-02,1.592783910659228974e-01,-6.102282496238465442e-02,-2.616052727877678577e-02,9.336827969490879564e-02,8.049898210020079228e-03,-4.755548447416073875e-03,8.469518012010054941e-02,2.805912318342966821e-03,3.357453150720566930e-03,8.691108472276957986e-02,-3.496508785901608282e-03,5.608237654774320124e-03,8.665767793531622964e-02,-5.571076128981260894e-03
2.150379673882575338e-01,2.817834052696250868e-01,-3.139624555525339922e-01,3.669090895958449644e-04,1.986740660173504647e-01,-1.915667754712697124e-01,6.224188874525389895e-04,1.274407944525836056e-01,-5.048257253092075514e-02,5.473194269752216026e-03,1.030748611649680013e-01,-1.780440935744048020e-02,6.747090656675803003e-03,9.826316162444542757e-02,-9.827575115364976105e-03,-4.499408816068866529e-02,1.722440470848823346e-01,-6.273533191933750031e-02,-2.527226367865014270e-02,1.033111606692430906e-01,7.089665324884755586e-03,-3.929095737409678962e-03,9.446746067086912724e-02,1.972419540440223818e-03,4.186692391063074822e-03,9.695846464510461671e-02,-4.326339834050534593e-03,6.433993712288887425e-03,9.674471709544493758e-02,-6.396971492948920826e-03
2.168360159841237755e-01,2.884480153688043780e-01,-3.158885315751469025e-01,1.332754800894076982e-03,2.089622765997031784e-01,-1.930088852253412091e-01,1.173738125634811707e-03,1.349434453461405004e-01,-5.116940310546305715e-02,6.380447256641162343e-03,1.139527103170217270e-01,-1.876922240089023974e-02,7.521489773859530402e-03,1.079441592299182073e-01,-1.061490717131667767e-02,-4.350296778917812912e-02,1.851997469355218251e-01,-6.448368034738946597e-02,-2.433906172066033213e-02,1.135108366446524741e-01,6.083423914484526428e-03,-3.053921495356145231e-03,1.047399237155753199e-01,1.090055620624754426e-03,5.065618841539252376e-03,1.073952500273259725e-01,-5.205869762270188932e-03,7.309668300601490816e-03,1.072851832780997022e-01,-7.272798471471146435e-03
2.186340645799899896e-01,2.951126254679835581e-01,-3.178146075977597018e-01,2.298600512192314205e-03,2.192504871820558920e-01,-1.944509949794127612e-01,1.725057363817085725e-03,1.424460962396974228e-01,-5.185623368000537303e-02,7.287700243530110394e-03,1.248305594690754805e-01,-1.973403544434000623e-02,8.373538815332350060e-03,1.182389181730376521e-01,-1.148085741349486391e-02,-4.197445347852166858e-02,1.981454906178411746e-01,-6.626787024654036407e-02,-2.336092140480734713e-02,1.239673076211370989e-01,5.031173978819383948e-03,-2.130025721255471381e-03,1.155125692542191412e-01,1.588205588965536312e-04,5.994232502149107397e-03,1.182214408694337304e-01,-6.135098570560577370e-03,8.235463612717467199e-03,1.182757570244003104e-01,-8.198754938211828477e-03
2.204321131758562591e-01,3.017772355671628493e-01,-3.197406836203725566e-01,3.264446223490551427e-03,2.295386977644086057e-01,-1.958931047334842579e-01,2.276376601999360177e-03,1.499487471332543176e-01,-5.254306425454767504e-02,8.194953230419058446e-03,1.357084086211292340e-01,-2.069884848778976924e-02,9.458537629672438690e-03,1.303749611290969945e-01,-1.258266221435249722e-02,-4.040854522871932530e-02,2.110812781318403553e-01,-6.808790161679026398e-02,-2.233784273109119117e-02,1.346805735986968122e-01,3.932915517889335952e-03,-1.157408415107657410e-03,1.267853972868006607e-01,-8.212856447443778359e-04,6.972533372892639886e-03,1.294370371714278489e-01,-7.114026258921700777e-03,9.211786477684925922e-03,1.296338423543469121e-01,-9.175239043288230603e-03
2.222301617717224453e-01,3.084418456663420294e-01,-3.216667596429853559e-01,4.230291934788781710e-03,2.398269083467612917e-01,-1.973352144875558101e-01,2.827695840181633329e-03,1.574513980268112123e-01,-5.322989482908997705e-02,9.102206217308003028e-03,1.465862577731829874e-01,-2.166366153123953225e-02,1.054353644401252732e-02,1.425110040851563231e-01,-1.368446701521012880e-02,-3.880524303977105072e-02,2.240071094775194505e-01,-6.994377445813917960e-02,-2.126982569951187119e-02,1.456506345773316835e-01,2.788648531694380272e-03,-1.360695769127054074e-04,1.385584078133197117e-01,-1.850262990298036803e-03,8.000521453769842903e-03,1.410420389333083280e-01,-8.142652827353552211e-03,1.023803178231034831e-02,1.413238234072365374e-01,-1.020165860738237590e-02
2.240282103675886594e-01,3.151064557655213205e-01,-3.235928356655981553e-01,5.196137646087020667e-03,2.501151189291140331e-01,-1.987773242416273345e-01,3.379015078363907781e-03,1.649540489203681071e-01,-5.391672540363227906e-02,1.000945920419695281e-02,1.574641069252367132e-01,-2.262847457468929180e-02,1.162853525835261768e-02,1.546470470412156517e-01,-1.478627181606776211e-02,-3.716454691167685870e-02,2.369229846548784879e-01,-7.183548877058709703e-02,-2.015687031006936983e-02,1.568774905570417266e-01,1.598373020234511487e-03,9.339907933293890461e-04,1.508316008337764746e-01,-2.928111477764428015e-03,9.078196744780725122e-03,1.530364461550751398e-01,-9.220978275856139481e-03,1.131419952659374131e-02,1.533457001830693944e-01,-1.127801363049427824e-02
2.258262589634549011e-01,3.217710658647005562e-01,-3.255189116882110101e-01,6.161983357385252685e-03,2.604033295114667190e-01,-2.002194339956988589e-01,3.930334316546182233e-03,1.724566998139250296e-01,-5.460355597817458800e-02,1.091671219108590260e-02,1.683419560772904666e-01,-2.359328761813905828e-02,1.271353407269270805e-02,1.667830899972749803e-01,-1.588807661692539369e-02,-3.548645684443677006e-02,2.498289036639172733e-01,-7.376304455413398853e-02,-1.899897656276369751e-02,1.683611415378269693e-01,3.620889835097315483e-04,2.052772695618622183e-03,1.636049763481708663e-01,-4.054831107143548434e-03,1.020555924592527960e-02,1.654202588367283400e-01,-1.034900260442945738e-02,1.244028971053511186e-02,1.656994726818454555e-01,-1.240430411262393763e-02
2.276243075593211151e-01,3.284356759638797918e-01,-3.274449877108238649e-01,7.127829068683488173e-03,2.706915400938194605e-01,-2.016615437497703833e-01,4.481653554728456251e-03,1.799593507074819243e-01,-5.529038655271689695e-02,1.182396517797484718e-02,1.792198052293441923e-01,-2.455810066158882130e-02,1.379853288703279321e-02,1.789191329533343089e-01,-1.698988141778302527e-02,-3.377097283805075706e-02,2.627248665046361675e-01,-7.572644180877990960e-02,-1.779614445759485075e-02,1.801015875196872451e-01,-9.202035784799567249e-04,3.220276129954991427e-03,1.768785343565028589e-01,-5.230421878435394592e-03,1.138260895720350808e-02,1.781934769782679007e-01,-1.152672581307350765e-02,1.361630233413444087e-02,1.783851409035646096e-01,-1.358053005377133672e-02
2.294223561551873569e-01,3.351002860630590829e-01,-3.293710637334366642e-01,8.093674779981723660e-03,2.809797506761721464e-01,-2.031036535038419077e-01,5.032972792910729402e-03,1.874620016010388190e-01,-5.597721712725919896e-02,1.273121816486379523e-02,1.900976543813979736e-01,-2.552291370503858431e-02,1.488353170137288531e-02,1.910551759093936375e-01,-1.809168621864066032e-02,-3.201809489251884050e-02,2.756108731770349762e-01,-7.772568053452487413e-02,-1.654837399456282956e-02,1.920988285026227760e-01,-2.248504665734553116e-03,4.436501096338501225e-03,1.906522748587724803e-01,-6.454883791639972994e-03,1.260934587861541230e-02,1.913561005796938219e-01,-1.275414790178829028e-02,1.484223739739174396e-02,1.914027048482269955e-01,-1.480669145393649633e-02
2.312204047510535432e-01,3.417648961622383186e-01,-3.312971397560495190e-01,9.059520491279959148e-03,2.912679612585248878e-01,-2.045457632579134599e-01,6.749689020179187871e-03,2.021282808662444030e-01,-5.799949247182466239e-02,1.425196705441025141e-02,2.044508022806888758e-01,-2.712487839283189012e-02,1.627956642180762928e-02,2.049147277154723390e-01,-1.950755020568234466e-02,-3.022782300784101345e-02,2.884869236811134496e-01,-7.976076073136877109e-02,-1.525566517366763394e-02,2.043528644866333954e-01,-3.622814278254061094e-03,5.749147279121717517e-03,2.047025586731102409e-01,-7.777370249386972474e-03,1.389201977421253634e-02,2.047955711962447523e-01,-1.403756304875604377e-02,1.611888806164427090e-02,2.046959020742351865e-01,-1.608354694620929212e-02
2.330184533469197850e-01,3.484295062614176097e-01,-3.332232157786623183e-01,1.002536620257819464e-02,3.015561718408775738e-01,-2.059878730119849566e-01,8.466405247447645471e-03,2.167945601314499593e-01,-6.002176781639012582e-02,1.577271594395671106e-02,2.188039501799798336e-01,-2.872684308062519246e-02,1.767560114224237672e-02,2.187742795215510405e-01,-2.092341419272403247e-02,-2.840015718401727243e-02,3.013530180168720318e-01,-8.183168239931173926e-02,-1.391801799490927083e-02,2.168636954717192700e-01,-5.043132416038481093e-03,7.110543368028230705e-03,2.188249294833344849e-01,-9.148666775079970434e-03,1.522438038227528698e-02,2.184020197751182779e-01,-1.537067283083958652e-02,1.744546122798797463e-02,2.182088183019822714e-01,-1.741032398879579363e-02
2.348165019427860267e-01,3.550941163605968454e-01,-3.351492918012751732e-01,1.099121191387643359e-02,3.118443824232303152e-01,-2.074299827660564810e-01,1.018312147471610307e-02,2.314608393966555711e-01,-6.204404316095558924e-02,1.729346483350316724e-02,2.331570980792707914e-01,-3.032880776841850173e-02,1.907163586267712069e-02,2.326338313276297698e-01,-2.233927817976572375e-02,-2.653509742104762092e-02,3.142091561843103897e-01,-8.393844553835363986e-02,-1.253543245828772981e-02,2.296313214578801498e-01,-6.509459079087807909e-03,8.520689363058041657e-03,2.330193872894451568e-01,-1.056877336871897208e-02,1.660642770280368330e-02,2.321754463163146209e-01,-1.675347724803893240e-02,1.882195689642286729e-02,2.319414535314683889e-01,-1.878702258169600778e-02
2.366145505386522130e-01,3.617587264597760255e-01,-3.370753678238880280e-01,1.195705762517466561e-02,3.221325930055830566e-01,-2.088720925201280332e-01,1.189983770198455200e-02,2.461271186618610440e-01,-6.406631850552103880e-02,1.881421372304961648e-02,2.475102459785616105e-01,-3.193077245621179366e-02,2.046767058311185772e-02,2.464933831337084158e-01,-2.375514216680740809e-02,-2.463264371893207974e-02,3.270553381834286344e-01,-8.608105014849454228e-02,-1.110790856380303344e-02,2.426557424451162293e-01,-8.021794267402036771e-03,9.979585264211139964e-03,2.472859320914422565e-01,-1.203769003030396266e-02,1.803816173579771143e-02,2.461158508198336980e-01,-1.818597630035406754e-02,2.024837506694892458e-02,2.458938077626932062e-01,-2.021364272490991029e-02
2.384125991345184548e-01,3.684233365589553166e-01,-3.390014438465008273e-01,1.292290333647289763e-02,3.324208035879356871e-01,-2.103142022741995576e-01,1.361655392925300960e-02,2.607933979270666280e-01,-6.608859385008650222e-02,2.033496261259607613e-02,2.618633938778525683e-01,-3.353273714400510641e-02,2.186370530354660169e-02,2.603529349397871173e-01,-2.517100615384909243e-02,-2.269279607767060378e-02,3.398915640142269323e-01,-8.825949622973450204e-02,-9.635446311455150500e-03,2.559369584334275083e-01,-9.580137980981180690e-03,1.148723107148754904e-02,2.616245638893258674e-01,-1.355541675983496473e-02,1.951958248125738871e-02,2.602232332856754260e-01,-1.966816998778500927e-02,2.172471573956617427e-02,2.600658809956570838e-01,-2.169018441843753933e-02
2.402106477303846688e-01,3.750879466581344968e-01,-3.409275198691136266e-01,1.388874904777113312e-02,3.427090141702884285e-01,-2.117563120282710820e-01,1.533327015652146894e-02,2.754596771922721565e-01,-6.811086919465195177e-02,2.185571150214252883e-02,2.762165417771434983e-01,-3.513470183179841222e-02,2.325974002398135260e-02,2.742124867458658466e-01,-2.658687014089078718e-02,-2.071555449726322773e-02,3.527178336767049505e-01,-9.047378378207343586e-02,-8.118045701244094858e-03,2.694749694228139592e-01,-1.118449021982523967e-02,1.304362678488726023e-02,2.760352826830961837e-01,-1.512195355731197483e-02,2.105068993918270820e-02,2.744975937138399713e-01,-2.120005831033175067e-02,2.325097891427460248e-02,2.744576732303597999e-01,-2.321664766227887061e-02
2.420086963262509105e-01,3.817525567573137879e-01,-3.428535958917265369e-01,1.485459475906936860e-02,3.529972247526411699e-01,-2.131984217823426064e-01,1.704998638378992654e-02,2.901259564574777405e-01,-7.013314453921741520e-02,2.337646039168898848e-02,2.905696896764344284e-01,-3.673666651959171109e-02,2.488938320107172975e-02,2.888597891075017632e-01,-2.823796164746674928e-02,-1.870091897770994119e-02,3.655341471708630219e-01,-9.272391280551138537e-02,-6.555706733169871722e-03,2.832697754132754708e-01,-1.283485098393420155e-02,1.464877240441026830e-02,2.905180884727527890e-01,-1.673730042273498600e-02,2.263148410957365950e-02,2.889389321043271397e-01,-2.278164126799428826e-02,2.482776340214982655e-02,2.890386661967883630e-01,-2.479361677338369138e-02
2.438067449221170968e-01,3.884171668564930235e-01,-3.447796719143392807e-01,1.582044047036760756e-02,3.632854353349938559e-01,-2.146405315364141309e-01,1.876670261105838414e-02,3.047922357226833245e-01,-7.215541988378289251e-02,2.489720928123544466e-02,3.049228375757253584e-01,-3.833863120738502384e-02,2.659689586371398115e-02,3.037696749876566682e-01,-2.996746232722079586e-02,-1.664888951901072334e-02,3.783405044967009800e-01,-9.500988330004836446e-02,-4.948429407232471551e-03,2.973213764048122654e-01,-1.453122027330807677e-02,1.630266793005657328e-02,3.050729812582960165e-01,-1.840145735610399999e-02,2.426196499243025995e-02,3.035472484571372642e-01,-2.441291886077263246e-02,2.645467274908614580e-02,3.037392347561024275e-01,-2.642070457132538949e-02
2.456047935179833663e-01,3.950817769556722592e-01,-3.467057479369521356e-01,1.678628618166584305e-02,3.735736459173465973e-01,-2.160826412904856553e-01,2.048341883832684174e-02,3.194585149878889085e-01,-7.417769522834834206e-02,2.641795817078190431e-02,3.192759854750163440e-01,-3.994059589517832964e-02,2.830440852635623949e-02,3.186795608678116287e-01,-3.169696300697484592e-02,-1.455946612116562101e-02,3.911369056542188249e-01,-9.733169526568430374e-02,-3.296213723431896513e-03,3.116297723974242317e-01,-1.627359808794686530e-02,1.800531336182618902e-02,3.196999610397257552e-01,-2.011442435741902027e-02,2.594213258775249567e-02,3.183225427722699008e-01,-2.609389108866676590e-02,2.813150774471710400e-02,3.185566987146615237e-01,-2.809771662153115121e-02
2.474028421138496081e-01,4.017463870548515503e-01,-3.486318239595650459e-01,1.775213189296407854e-02,3.838618564996992832e-01,-2.175247510445571519e-01,2.220013506559529587e-02,3.341247942530944925e-01,-7.619997057291380549e-02,2.793870706032836049e-02,3.336291333743072740e-01,-4.154256058297162851e-02,3.001192118899849437e-02,3.335894467479665892e-01,-3.342646368672889945e-02,-1.243264878417459779e-02,4.039233506434166121e-01,-9.968934870241927260e-02,-1.599059681768153331e-03,3.261949633911112034e-01,-1.806198442785055674e-02,1.975670869971909646e-02,3.343990278170418939e-01,-2.187620142668003989e-02,2.767198689554037708e-02,3.332648150497254380e-01,-2.782455795167670595e-02,2.985826838904272543e-02,3.334910580724657625e-01,-2.982465292400100776e-02
2.492008907097157944e-01,4.084109971540307860e-01,-3.505578999821777897e-01,1.871797760426230708e-02,3.941500670820519692e-01,-2.189668607986286764e-01,2.391685129286374653e-02,3.487910735182999655e-01,-7.822224591747925504e-02,2.945945594987480626e-02,3.479822812735981485e-01,-4.314452527076492738e-02,3.171943385164073537e-02,3.484993326281214387e-01,-3.515596436648293910e-02,-1.026843750803767795e-02,4.166998394642940085e-01,-1.020828436102532294e-01,1.430327177587531983e-04,3.410169493858732914e-01,-1.989637929301914937e-02,2.155685394373528865e-02,3.491701815902445438e-01,-2.368678856388704845e-02,2.945152791579388335e-02,3.483740652895035983e-01,-2.960491944980243526e-02,3.163495468206296846e-02,3.485423128295149220e-01,-3.160151347873491057e-02
2.509989393055820361e-01,4.150756072532100216e-01,-3.524839760047906445e-01,1.968382331556054257e-02,4.044382776644047106e-01,-2.204089705527002008e-01,2.563356752013220413e-02,3.634573527835055495e-01,-8.024452126204471847e-02,3.098020483942126591e-02,3.623354291728890786e-01,-4.474648995855824013e-02,3.342694651428299024e-02,3.634092185082763993e-01,-3.688546504623699263e-02,-8.066832292754819861e-03,4.294663721168516246e-01,-1.045121799891862158e-01,1.930063475148839853e-03,3.560957303817106623e-01,-2.177678268345266746e-02,2.340574909387480029e-02,3.640134223593337603e-01,-2.554618576904007718e-02,3.128075564851304224e-02,3.636502934916045482e-01,-3.143497558304397810e-02,3.346156662377789553e-02,3.637104629858092242e-01,-3.342829828573291862e-02
2.527969879014482224e-01,4.217402173523893127e-01,-3.544100520274034993e-01,2.064966902685878153e-02,4.147264882467573965e-01,-2.218510803067717529e-01,2.735028374740066173e-02,3.781236320487111335e-01,-8.226679660661018190e-02,3.281114987385493065e-02,3.771419235301851636e-01,-4.666370032870878481e-02,3.529042104266230662e-02,3.785368926711732418e-01,-3.877156591236543409e-02,-5.827833138326066025e-03,4.422229486010891275e-01,-1.069773578392181623e-01,3.762032590402102864e-03,3.714313063786230940e-01,-2.370319459915109020e-02,2.530339415013760015e-02,3.789287501243094325e-01,-2.745439304213910178e-02,3.316278266779983108e-02,3.790547156769420445e-01,-3.331782815231568162e-02,3.533848820793732831e-02,3.789818519805807640e-01,-3.530539488883289306e-02
2.545950364973145197e-01,4.284048274515686039e-01,-3.563361280500163542e-01,2.161551473815701702e-02,4.250146988291101380e-01,-2.232931900608432774e-01,2.906699997466911933e-02,3.927899113139167175e-01,-8.428907195117564533e-02,3.495229105317582130e-02,3.924017643454865700e-01,-4.889615638121658919e-02,3.730985743677868449e-02,3.938823551168120218e-01,-4.081426696486828432e-02,-3.551440044751412537e-03,4.549695689170064061e-01,-1.094783771603491523e-01,5.638940063518537056e-03,3.870236773766108640e-01,-2.567561504011442453e-02,2.724978911252370212e-02,3.939161648851715603e-01,-2.941141038318412920e-02,3.509761011047512341e-02,3.944483550394966564e-01,-3.525347510061977579e-02,3.726571528350899887e-02,3.942863759144805136e-01,-3.723280242202586798e-02
2.563930850931807059e-01,4.350694375507477840e-01,-3.582622040726290980e-01,2.258136044945525250e-02,4.353029094114628794e-01,-2.247352998149148018e-01,3.078371620193758040e-02,4.074561905791222460e-01,-8.631134729574110875e-02,3.709343223249669808e-02,4.076616051607879210e-01,-5.112861243372437969e-02,3.932929383089506237e-02,4.092278175624507464e-01,-4.285696801737111372e-02,-1.237653012030832510e-03,4.677062330646036825e-01,-1.120152379525791164e-01,7.560785894498139176e-03,4.028728433756736393e-01,-2.769404400634266697e-02,2.924493398103310618e-02,4.089756666419203102e-01,-3.141723779217516638e-02,3.708212578137725507e-02,4.098236699563481134e-01,-3.723881394137602829e-02,3.924286247306571496e-02,4.096143233818270168e-01,-3.921013305280440092e-02
2.581911336890469477e-01,4.417340476499270752e-01,-3.601882800952419528e-01,2.354720616075348799e-02,4.455911199938155653e-01,-2.261774095689863540e-01,3.250043242920603453e-02,4.221224698443278855e-01,-8.833362264030657218e-02,3.923457341181757485e-02,4.229214459760892719e-01,-5.336106848623218407e-02,4.134873022501144024e-02,4.245732800080895264e-01,-4.489966906987395701e-02,1.113527959835658660e-03,4.804329410438807901e-01,-1.145879402159081517e-01,9.527570083340925269e-03,4.189788043758116420e-01,-2.975848149783582100e-02,3.128882875566581928e-02,4.241072553945555712e-01,-3.347187526911220984e-02,3.911632968050620524e-02,4.251806604274964152e-01,-3.927384467458438361e-02,4.126992977660745576e-02,4.249656943826201627e-01,-4.123738678116846412e-02
2.599891822849131340e-01,4.483986577491063108e-01,-3.621143561178548076e-01,2.451305187205171654e-02,4.558793305761682513e-01,-2.276195193230578506e-01,3.421714865647448867e-02,4.367887491095333585e-01,-9.035589798487202173e-02,4.137571459113845163e-02,4.381812867913905674e-01,-5.559352453873997457e-02,4.336816661912780424e-02,4.399187424537281954e-01,-4.694237012237678641e-02,3.502102870848047313e-03,4.931496928548376735e-01,-1.171964839503361056e-01,1.153929263004686151e-02,4.353415603770246500e-01,-3.186892751459386580e-02,3.338147343642181020e-02,4.393109311430772324e-01,-3.557532281399523183e-02,4.120022180786198779e-02,4.405193264529416175e-01,-4.135856730024488337e-02,4.334691719413418659e-02,4.403404889168597847e-01,-4.331456360711802983e-02
2.617872308807793758e-01,4.550632678482855464e-01,-3.640404321404676624e-01,2.547889758334995550e-02,4.661675411585209927e-01,-2.290616290771293750e-01,3.593386488374294280e-02,4.514550283747388870e-01,-9.237817332943747128e-02,4.351685577045933534e-02,4.534411276066919183e-01,-5.782598059124777201e-02,4.538760301324418212e-02,4.552642048993669199e-01,-4.898507117487962276e-02,5.928071721006350145e-03,5.058564884974745546e-01,-1.198408691558630612e-01,1.359595353461598606e-02,4.519611113793130519e-01,-3.402538205661683607e-02,3.552286802330111709e-02,4.545866938874853491e-01,-3.772758042682427398e-02,4.333380216344460967e-02,4.558396680326836092e-01,-4.349298181835751370e-02,4.547382472564596989e-02,4.557387069845462713e-01,-4.544166353065313274e-02
2.635852794766456175e-01,4.617278779474648376e-01,-3.659665081630805172e-01,2.644474329464819098e-02,4.764557517408736786e-01,-2.305037388312008995e-01,3.765058111101139693e-02,4.661213076399444710e-01,-9.440044867400294859e-02,4.565799694978021905e-02,4.687009684219933248e-01,-6.005843664375558333e-02,4.748512874133119233e-02,4.705795003993960002e-01,-5.110596552353768168e-02,8.391434510310562603e-03,5.185533279717913224e-01,-1.225210958324890742e-01,1.569755279704828158e-02,4.688374573826763481e-01,-3.622784512390471445e-02,3.771301251630371915e-02,4.699345436277800880e-01,-3.992864810759932243e-02,4.551707074725407087e-02,4.711416851667225569e-01,-4.567708822892228848e-02,4.765084262962696743e-02,4.711563163359261952e-01,-4.761888119292025795e-02
2.653833280725118593e-01,4.683924880466440732e-01,-3.678925841856933165e-01,2.741058900594642647e-02,4.867439623232264201e-01,-2.319458485852724239e-01,3.936729733827985800e-02,4.807875869051500550e-01,-9.642272401856841202e-02,4.779913812910109583e-02,4.839608092372946757e-01,-6.229089269626336689e-02,4.981692247133009260e-02,4.858042950625959810e-01,-5.346143976066142223e-02,1.089219123876069423e-02,5.312402112777881991e-01,-1.252371639802140613e-01,1.784409041734375326e-02,4.859705983871150381e-01,-3.847631671645752177e-02,3.995190691542963024e-02,4.853544803639613936e-01,-4.217852585632037715e-02,4.775002755929036447e-02,4.864253778550584606e-01,-4.791088653193919383e-02,4.987835333508844338e-02,4.865326771815305928e-01,-4.984660803865791773e-02
2.671813766683780456e-01,4.750570981458233089e-01,-3.698186602083061714e-01,2.837643471724466196e-02,4.970321729055791060e-01,-2.333879583393439483e-01,4.108401356554831213e-02,4.954538661703555835e-01,-9.844499936313386157e-02,4.994027930842198648e-02,4.992206500525960822e-01,-6.452334874877117821e-02,5.214871620132900676e-02,5.010290897257960729e-01,-5.581691399778516971e-02,1.343034190635673808e-02,5.439171384154648514e-01,-1.279890735990380779e-01,2.003556639550238896e-02,5.033605343926286224e-01,-4.077079683427520945e-02,4.223955122067882262e-02,5.008465040960290438e-01,-4.447721367298741735e-02,5.003267259955351820e-02,5.016907460976913757e-01,-5.019437672740825751e-02,5.215578721380351862e-02,5.018483410966412261e-01,-5.212426144189400562e-02
2.689794252642442318e-01,4.817217082450025445e-01,-3.717447362309189707e-01,2.934228042854289745e-02,5.073203834879318475e-01,-2.348300680934154727e-01,4.280072979281676626e-02,5.101201454355611675e-01,-1.004672747076993389e-01,5.208142048774286326e-02,5.144804908678973776e-01,-6.675580480127896177e-02,5.448050993132790010e-02,5.162538843889961093e-01,-5.817238823490889638e-02,1.600588651309868896e-02,5.565841093848213905e-01,-1.307768246889610686e-01,2.227198073152420257e-02,5.210072653992176006e-01,-4.311128547735781913e-02,4.457594543205133097e-02,5.164106148239834271e-01,-4.682471155760047771e-02,5.236500586804346963e-02,5.169377898946210248e-01,-5.252755881532942400e-02,5.448314426577225561e-02,5.171033080812583727e-01,-5.445184140262857714e-02
2.707774738601105291e-01,4.883863183441817801e-01,-3.736708122535317700e-01,3.030812613984113293e-02,5.176085940702845889e-01,-2.362721778474870249e-01,4.451744602008522039e-02,5.247864247007667515e-01,-1.024895500522647884e-01,5.422256166706374003e-02,5.297403316831987841e-01,-6.898826085378675921e-02,5.681230366132679344e-02,5.314786790521959237e-01,-6.052786247203262304e-02,1.861882505898653645e-02,5.692411241858577053e-01,-1.336004172499830611e-01,2.455333342540916980e-02,5.389107914068814731e-01,-4.549778264570531611e-02,4.696108954954712061e-02,5.320468125478239330e-01,-4.922101951015952354e-02,5.474702736476026038e-02,5.321665092458474078e-01,-5.491043279570272800e-02,5.686042449099457802e-02,5.322975781353821434e-01,-5.682934792086156289e-02
2.725755224559767154e-01,4.950509284433610158e-01,-3.755968882761446803e-01,3.127397185113936495e-02,5.278968046526372193e-01,-2.377142876015585493e-01,4.623416224735368146e-02,5.394527039659722245e-01,-1.045118253968302519e-01,5.636370284638462375e-02,5.450001724985000795e-01,-7.122071690629455665e-02,5.914409739132570065e-02,5.467034737153960711e-01,-6.288333670915635665e-02,2.126915754402029443e-02,5.818881828185739069e-01,-1.364598512821040555e-01,2.687962447715732534e-02,5.570711124156206839e-01,-4.793028833931774896e-02,4.939498357316622623e-02,5.477550972675512275e-01,-5.166613753066458259e-02,5.717873708970389740e-02,5.473769041513707467e-01,-5.734299866852817645e-02,5.928762788947053441e-02,5.474311512590120943e-01,-5.925678099659301146e-02
2.743735710518429571e-01,5.017155385425402514e-01,-3.775229642987574241e-01,3.223981756243760044e-02,5.381850152349899608e-01,-2.391563973556300737e-01,4.795087847462213559e-02,5.541189832311778085e-01,-1.065341007413957014e-01,5.850484402570550746e-02,5.602600133138014860e-01,-7.345317295880236796e-02,6.147589112132460787e-02,5.619282683785961074e-01,-6.523881094628009025e-02,2.395688396819998719e-02,5.945252852829702173e-01,-1.393551267853240794e-01,2.925085388676865530e-02,5.754882284254351221e-01,-5.040880255819508993e-02,5.187762750290862701e-02,5.635354689831648667e-01,-5.416006561911564793e-02,5.966013504287437375e-02,5.625689746111911527e-01,-5.982525643380576241e-02,6.176475446120013174e-02,5.625040274521486694e-01,-6.173414062982292283e-02
2.761716196477091989e-01,5.083801486417195425e-01,-3.794490403213702789e-01,3.572582246637970305e-02,5.467462158052420751e-01,-2.429643509155306746e-01,5.092957886219175168e-02,5.667161076555357058e-01,-1.097976597248734865e-01,6.127307420000547428e-02,5.743228739005477035e-01,-7.630945690640723866e-02,6.412047095168990629e-02,5.765346303424995211e-01,-6.790662690653168077e-02,2.668200433152557310e-02,6.071524315790464144e-01,-1.422862437596431051e-01,3.201545465899589132e-02,5.909816300774923814e-01,-5.326061325774981287e-02,5.445722023448989341e-02,5.788104862292055008e-01,-5.674944523859677681e-02,6.219741912593517580e-02,5.776121728851918435e-01,-6.236332413900622096e-02,6.429257669082054372e-02,5.774716951698734002e-01,-6.426221062822674857e-02
2.779696682435753852e-01,5.150447587408987227e-01,-3.813751163439831338e-01,3.921182737032181953e-02,5.553074163754945225e-01,-2.467723044754312756e-01,5.390827924976136776e-02,5.793132320798937140e-01,-1.130612187083512993e-01,6.404130437430544109e-02,5.883857344872940320e-01,-7.916574085401212324e-02,6.676505078205521859e-02,5.911409923064031569e-01,-7.057444286678327128e-02,2.944451863399707991e-02,6.197696217068023872e-01,-1.452532022050611049e-01,3.482586158513060332e-02,6.062178724084021919e-01,-5.615713240970535147e-02,5.708559875528833316e-02,5.938713393855559186e-01,-5.938756770249586925e-02,6.478439242677887233e-02,5.924888533580596750e-01,-6.495108038500932435e-02,6.687032401365006207e-02,5.923038949513278473e-01,-6.684020157387710048e-02
2.797677168394416269e-01,5.217093688400780138e-01,-3.833011923665959886e-01,4.269783227426392214e-02,5.638686169457467479e-01,-2.505802580353319042e-01,5.688697963733099772e-02,5.919103565042516113e-01,-1.163247776918291121e-01,6.680953454860541485e-02,6.024485950740403606e-01,-8.202202480161702169e-02,6.940963061242051702e-02,6.057473542703066816e-01,-7.324225882703486179e-02,3.224442687561448334e-02,6.323768556662381357e-01,-1.482560021215781065e-01,3.768207466517280169e-02,6.211969554181647757e-01,-5.909836001406178208e-02,5.976276306530392546e-02,6.087180284522167861e-01,-6.207443301081289055e-02,6.742105494540549804e-02,6.071990160297952022e-01,-6.758852517181508646e-02,6.949799642968867985e-02,6.070006267965121216e-01,-6.946811346677400634e-02
2.815657654353078687e-01,5.283739789392573050e-01,-3.852272683892087324e-01,4.618383717820602474e-02,5.724298175159989732e-01,-2.543882115952325051e-01,5.986568002490060686e-02,6.045074809286093975e-01,-1.195883366753068833e-01,6.957776472290537473e-02,6.165114556607865781e-01,-8.487830874922189239e-02,7.205421044278582932e-02,6.203537162342103173e-01,-7.591007478728648006e-02,3.508172905637781114e-02,6.449741334573541041e-01,-1.512946435091941655e-01,4.058409389912250032e-02,6.359188791067807989e-01,-6.208429607081905610e-02,6.248871316453666336e-02,6.233505534291876593e-01,-6.481004116354788236e-02,7.010740668181505986e-02,6.217426609003985361e-01,-7.027565849942353504e-02,7.217559393893635544e-02,6.215618907054260012e-01,-7.214594630691738286e-02
2.833638140311740550e-01,5.350385890384364851e-01,-3.871533444118215872e-01,4.966984208214814123e-02,5.809910180862511986e-01,-2.581961651551331061e-01,6.284438041247021600e-02,6.171046053529674058e-01,-1.228518956587846822e-01,7.234599489720533461e-02,6.305743162475327956e-01,-8.773459269682676309e-02,7.469879027315114162e-02,6.349600781981138420e-01,-7.857789074753807057e-02,3.795642517628703555e-02,6.575614550801498481e-01,-1.543691263679091707e-01,4.353191928697968532e-02,6.503836434742493733e-01,-6.511494057997718743e-02,6.526344905298661625e-02,6.377689143164690933e-01,-6.759439216070084466e-02,7.284344763600754391e-02,6.361197879698695656e-01,-7.301248036783465623e-02,7.490311654139313047e-02,6.359876866780698190e-01,-7.487370009430735496e-02
2.851618626270402967e-01,5.417031991376157762e-01,-3.890794204344344420e-01,5.315584698609024383e-02,5.895522186565035350e-01,-2.620041187150337625e-01,6.582308080003984596e-02,6.297017297773253031e-01,-1.261154546422624811e-01,7.511422507150530836e-02,6.446371768342791242e-01,-9.059087664443166155e-02,7.734337010351645392e-02,6.495664401620174777e-01,-8.124570670778966108e-02,4.086851523534218433e-02,6.701388205346253679e-01,-1.574794506977231778e-01,4.652555082874438447e-02,6.645912485205711651e-01,-6.819029354153617606e-02,6.808697073065364536e-02,6.519731111140603108e-01,-7.042748600227170808e-02,7.562917780798296408e-02,6.503303972382080689e-01,-7.579899077704843613e-02,7.768056423705900493e-02,6.502780147144432421e-01,-7.765137482894382548e-02
2.869599112229065385e-01,5.483678092367950674e-01,-3.910054964570472413e-01,5.664185189003235338e-02,5.981134192267557603e-01,-2.658120722749343079e-01,6.880178118760946204e-02,6.422988542016832003e-01,-1.293790136257402801e-01,7.788245524580528212e-02,6.587000374210254527e-01,-9.344716059203653225e-02,8.022283364282320473e-02,6.633796113697451036e-01,-8.414748078167627598e-02,4.381799923354323667e-02,6.827062298207808855e-01,-1.606256164986362145e-01,4.956498852441654224e-02,6.785416942457456191e-01,-7.131035495549600811e-02,7.095927819753790333e-02,6.659631438219624222e-01,-7.330932268826056974e-02,7.846459719774129260e-02,6.643744887054143788e-01,-7.863518972706487475e-02,8.050853316047262842e-02,6.644081176411849032e-01,-8.047954492031966778e-02
2.887579598187727248e-01,5.550324193359743585e-01,-3.929315724796601517e-01,6.012785679397442129e-02,6.066746197970078747e-01,-2.696200258348349088e-01,7.178048157517903649e-02,6.548959786260408755e-01,-1.326425726092180235e-01,8.065068542010521424e-02,6.727628980077715593e-01,-9.630344453964138907e-02,8.318059175177709708e-02,6.769283856587474668e-01,-8.712724089344120459e-02,4.680487717089017174e-02,6.952636829386161788e-01,-1.638076237706482252e-01,5.265023237399620026e-02,6.922349806497730684e-01,-7.447512482185669747e-02,7.388037145363926528e-02,6.797390124401743172e-01,-7.623990221866733252e-02,8.134970580528250172e-02,6.782520623714879404e-01,-8.152107721788395822e-02,8.338662412836794768e-02,6.783372553418475226e-01,-8.335784132067444729e-02
2.905560084146389666e-01,5.616970294351535387e-01,-3.948576485022728955e-01,6.361386169791652390e-02,6.152358203672601000e-01,-2.734279793947355097e-01,7.475918196274866645e-02,6.674931030503988838e-01,-1.359061315926958224e-01,8.341891559440518800e-02,6.868257585945179988e-01,-9.915972848724627364e-02,8.613834986073101718e-02,6.904771599477499411e-01,-9.010700100520617484e-02,4.982914904738305201e-02,7.078111798881315808e-01,-1.670254725137592655e-01,5.578128237748337243e-02,7.056711077326536241e-01,-7.768460314061828575e-02,7.685025049895781446e-02,6.933007169686964399e-01,-7.921922459349210743e-02,8.428450363060668860e-02,6.919631182364293087e-01,-8.445665324950572816e-02,8.631463817776929837e-02,6.920655023648821791e-01,-8.628607454473465055e-02
2.923540570105051528e-01,5.683616395343327188e-01,-3.967837245248857503e-01,6.709986660185864038e-02,6.237970209375124364e-01,-2.772359329546361106e-01,7.773788235031828253e-02,6.800902274747567811e-01,-1.391696905761736491e-01,8.618714576870514787e-02,7.008886191812642164e-01,-1.020160124348511582e-01,8.909610796968492341e-02,7.040259342367523043e-01,-9.308676111697111732e-02,5.289081486302182888e-02,7.203487206693266476e-01,-1.702791627279693354e-01,5.895813853487803097e-02,7.188500754943869531e-01,-8.093878991178070359e-02,7.986891533349353700e-02,7.066482574075291234e-01,-8.224728981273481121e-02,8.726899067371379770e-02,7.055076563002385948e-01,-8.744191782193018458e-02,8.929257530867661108e-02,7.055928587102886507e-01,-8.926424459250020815e-02
2.941521056063713946e-01,5.750262496335120099e-01,-3.987098005474985496e-01,7.058587150580074299e-02,6.323582215077646618e-01,-2.810438865145367116e-01,8.071658273788789861e-02,6.926873518991145673e-01,-1.424332495596514203e-01,8.895537594300512163e-02,7.149514797680105449e-01,-1.048722963824560428e-01,9.205386607863885740e-02,7.175747085257548896e-01,-9.606652122873608757e-02,5.598987461780655095e-02,7.328763052822020452e-01,-1.735686944132784071e-01,6.218080084618019671e-02,7.317718839349736104e-01,-8.423768513534402036e-02,8.293636595724641902e-02,7.197816337566719236e-01,-8.532409787639547161e-02,9.030316693460381516e-02,7.188856765629152434e-01,-9.047687093515728585e-02,9.232043552108991358e-02,7.189193243780668263e-01,-9.229235146397117562e-02
2.959501542022376364e-01,5.816908597326911901e-01,-4.006358765701114599e-01,7.407187640974285947e-02,6.409194220780168871e-01,-2.848518400744373125e-01,8.369528312545751469e-02,7.052844763234725756e-01,-1.456968085431292470e-01,9.172360611730510926e-02,7.290143403547568735e-01,-1.077285803300609413e-01,9.501162418759276362e-02,7.311234828147573639e-01,-9.904628134050105781e-02,5.912632831173714187e-02,7.453939337267569964e-01,-1.768940675696864251e-01,6.544926931138984882e-02,7.444365330544129300e-01,-8.758128881130815280e-02,8.605260237021648828e-02,7.327008460161249515e-01,-8.844964878447408863e-02,9.338703241327678262e-02,7.320971790244595878e-01,-9.356151258918708746e-02,9.539821881500920586e-02,7.320448993682171501e-01,-9.537039515914752519e-02
2.977482027981038781e-01,5.883554698318705922e-01,-4.025619525927243147e-01,7.755788131368496208e-02,6.494806226482691125e-01,-2.886597936343379134e-01,8.667398351302713078e-02,7.178816007478304728e-01,-1.489603675266070182e-01,9.480844328768292528e-02,7.416604176697910722e-01,-1.108936568644347115e-01,9.812616546977986909e-02,7.439531409310398136e-01,-1.021818139023781269e-01,6.230017594481367105e-02,7.579016060029919455e-01,-1.802552821971935004e-01,6.876354393050698732e-02,7.568440228527051339e-01,-9.096960093967315641e-02,8.921762457240368926e-02,7.454058941858883180e-01,-9.162394253697067614e-02,9.652366165976879187e-02,7.450900169745572343e-01,-9.669885721187077010e-02,9.852630911283315196e-02,7.449577446326274277e-01,-9.849875918970761590e-02
2.995462513939700644e-01,5.950200799310497723e-01,-4.044880286153371141e-01,8.104388621762706468e-02,6.580418232185214489e-01,-2.924677471942385143e-01,8.965268390059674686e-02,7.304787251721883701e-01,-1.522239265100848171e-01,9.820988745413862520e-02,7.528897117131133632e-01,-1.143675259855774090e-01,1.013974899252002015e-01,7.560636828746027938e-01,-1.054731189143673642e-01,6.551141751703608296e-02,7.703993221109066702e-01,-1.836523382957995498e-01,7.212362470353164690e-02,7.689943533298505551e-01,-9.440262152043904509e-02,9.243143256380804973e-02,7.578967782659619123e-01,-9.484697913388519253e-02,9.971305374118537290e-02,7.577808526756960594e-01,-9.988890125446814316e-02,1.017047054760602254e-01,7.576158042373061230e-01,-1.016774403309753105e-01
3.013442999898363062e-01,6.016846900302290635e-01,-4.064141046379499134e-01,8.452989112156916729e-02,6.666030237887736742e-01,-2.962757007541391152e-01,9.263138428816636294e-02,7.430758495965462673e-01,-1.554874854935626161e-01,1.016113316205943251e-01,7.641190057564355431e-01,-1.178413951067200788e-01,1.046688143806205062e-01,7.681742248181654409e-01,-1.087644239263565737e-01,6.876005302840443312e-02,7.828870820505016148e-01,-1.870852358655046566e-01,7.552951163046378591e-02,7.808875244858486386e-01,-9.788035055360577719e-02,9.569402634442958355e-02,7.701734982563457343e-01,-9.811875857521767941e-02,1.029521337965255690e-01,7.701940535923532671e-01,-1.031286291062145366e-01,1.049330236694580587e-01,7.700168985857018811e-01,-1.049060539963803385e-01
3.031423485857025479e-01,6.083493001294082436e-01,-4.083401806605627127e-01,8.801589602551128377e-02,6.751642243590258996e-01,-3.000836543140397716e-01,9.561008467573597902e-02,7.556729740209041646e-01,-1.587510444770404150e-01,1.050127757870500250e-01,7.753482997997577231e-01,-1.213152642278627485e-01,1.079401388360408387e-01,7.802847667617283101e-01,-1.120557289383458111e-01,7.204608247891866601e-02,7.953648858217761131e-01,-1.905539749063086818e-01,7.898120471130340436e-02,7.925235363206998285e-01,-1.014027880391733527e-01,9.900540591426829073e-02,7.822360541570400061e-01,-1.014392808609681368e-01,1.062409018257893800e-01,7.823296197245285244e-01,-1.064180407671099227e-01,1.082112636930265964e-01,7.821610276778144799e-01,-1.081846001859226580e-01
3.049403971815687897e-01,6.150139102285875348e-01,-4.102662566831755675e-01,9.150190092945338638e-02,6.837254249292781250e-01,-3.038916078739403726e-01,9.858878506330559510e-02,7.682700984452620618e-01,-1.620146034605182139e-01,1.084142199535057527e-01,7.865775938430800140e-01,-1.247891333490054599e-01,1.112114632914611573e-01,7.923953087052910682e-01,-1.153470339503350206e-01,7.536950586857885104e-02,8.078327334247306091e-01,-1.940585554182117645e-01,8.247870394605055777e-02,8.039023888344040136e-01,-1.049699339771418272e-01,1.023655712733241713e-01,7.940844459680445055e-01,-1.048085459911365647e-01,1.095793578289767922e-01,7.941875510722218312e-01,-1.097571362371542875e-01,1.115394255467658524e-01,7.940481915136440305e-01,-1.115130788996022693e-01
3.067384457774349760e-01,6.216785203277667149e-01,-4.121923327057884223e-01,9.498790583339548899e-02,6.922866254995303503e-01,-3.076995614338409735e-01,1.015674854508752251e-01,7.808672228696200701e-01,-1.652781624439960129e-01,1.118156641199614387e-01,7.978068878864021940e-01,-1.282630024701481297e-01,1.144827877468814620e-01,8.045058506488539374e-01,-1.186383389623242440e-01,7.873032319738490492e-02,8.202906248593649918e-01,-1.975989774012138211e-01,8.602200933470517674e-02,8.150240820269610831e-01,-1.085817883675111450e-01,1.057745224215971419e-01,8.057186736893587886e-01,-1.082265539657228798e-01,1.129675018060878194e-01,8.057678476354339647e-01,-1.131459155163476726e-01,1.149175092306758406e-01,8.056783900931903108e-01,-1.148914901374191444e-01
3.085364943733011622e-01,6.283431304269460060e-01,-4.141184087284012771e-01,9.847391073733760547e-02,7.008478260697826867e-01,-3.115075149937416299e-01,1.045461858384448273e-01,7.934643472939778563e-01,-1.685417214274738118e-01,1.152171082864171248e-01,8.090361819297242629e-01,-1.317368715912908272e-01,1.178325922435994183e-01,8.161763212319971261e-01,-1.220074395355462832e-01,8.212853446533691093e-02,8.327385601256794834e-01,-2.011752408553149352e-01,8.961112087726728903e-02,8.258886158983709258e-01,-1.122383512102813063e-01,1.092322593590873553e-01,8.171387373209837435e-01,-1.116933047847271931e-01,1.164053337571225033e-01,8.170705094141642588e-01,-1.165843786046901059e-01,1.183457084869997122e-01,8.170474960916687124e-01,-1.183200177723264662e-01
3.103345429691674595e-01,6.350077405261252972e-01,-4.160444847510140765e-01,1.019599156412797081e-01,7.094090266400349121e-01,-3.153154685536421753e-01,1.075248862260144433e-01,8.060614717183358646e-01,-1.718052804109516107e-01,1.186185524528728386e-01,8.202654759730465539e-01,-1.352107407124334970e-01,1.214178368642103156e-01,8.265265777338820508e-01,-1.256099267924667695e-01,8.556413967243479968e-02,8.451765392236736396e-01,-2.047873457805149955e-01,9.324603857373692239e-02,8.364959904486339859e-01,-1.159396225054523527e-01,1.127387820857947004e-01,8.283446368629190371e-01,-1.152087984481494770e-01,1.198928536820807605e-01,8.280955364084127135e-01,-1.200725255021815319e-01,1.218244098015622834e-01,8.281180499002736006e-01,-1.217990217218639926e-01
3.121325915650336458e-01,6.416723506253044773e-01,-4.179705607736269313e-01,1.054459205452217690e-01,7.179702272102870264e-01,-3.191234221135427207e-01,1.105035866135840317e-01,8.186585961426935398e-01,-1.750688393944293819e-01,1.220199966193284968e-01,8.314947700163686228e-01,-1.386846098335761390e-01,1.250030814848211713e-01,8.368768342357668644e-01,-1.292124140493872142e-01,8.903713881867855728e-02,8.576045621533475716e-01,-2.084352921768140299e-01,9.692676242411396581e-02,8.468462056777495972e-01,-1.196856022530241592e-01,1.162940906017191772e-01,8.393363723151642253e-01,-1.187730349559896342e-01,1.234300615809626051e-01,8.388429286181792177e-01,-1.236103562088219227e-01,1.253530313484373382e-01,8.388849105178189935e-01,-1.253279456701527350e-01
3.139306401608998875e-01,6.483369607244837685e-01,-4.198966367962396751e-01,1.089319254491638855e-01,7.265314277805392518e-01,-3.229313756734433216e-01,1.134822870011536478e-01,8.312557205670514371e-01,-1.783323983779071531e-01,1.254214407857842106e-01,8.427240640596909138e-01,-1.421584789547188366e-01,1.285883261054320825e-01,8.472270907376517890e-01,-1.328149013063076866e-01,9.254753190406828089e-02,8.700226289147015013e-01,-2.121190800442121216e-01,1.006532924283985858e-01,8.569392615857185369e-01,-1.234762904529969479e-01,1.198981849068608413e-01,8.501139436777198632e-01,-1.223860143082478175e-01,1.270169574537680646e-01,8.493126860434642156e-01,-1.271978707246113338e-01,1.289315731276248767e-01,8.493480779443054463e-01,-1.289067896171927075e-01
3.157286887567660738e-01,6.550015708236630596e-01,-4.218227128188525299e-01,1.124179303531060020e-01,7.350926283507915882e-01,-3.267393292333439780e-01,1.164609873887232638e-01,8.438528449914093343e-01,-1.815959573613849798e-01,1.288228849522398967e-01,8.539533581030130938e-01,-1.456323480758615341e-01,1.321735707260429660e-01,8.575773472395367136e-01,-1.364173885632281868e-01,9.609531892860390112e-02,8.824307395077356508e-01,-2.158387093827092429e-01,1.044256285865906991e-01,8.667751581725404719e-01,-1.273116871053705246e-01,1.235510650012196648e-01,8.606773509505857289e-01,-1.260477365049239018e-01,1.306535413004971946e-01,8.595048086842674850e-01,-1.308350690495497792e-01,1.325600351391249820e-01,8.595075521797329587e-01,-1.325355535629839931e-01
3.175267373526323156e-01,6.616661809228421287e-01,-4.237487888414653847e-01,1.159039352570481046e-01,7.436538289210438135e-01,-3.305472827932445790e-01,1.194396877762928938e-01,8.564499694157673426e-01,-1.848595163448627787e-01,1.322243291186956105e-01,8.651826521463353847e-01,-1.491062171970041761e-01,1.357588153466538494e-01,8.679276037414216383e-01,-1.400198758201486871e-01,9.968049989228541796e-02,8.948288939324493541e-01,-2.195941801923052827e-01,1.082437708986902919e-01,8.763538954382151802e-01,-1.311917922101450140e-01,1.272527308847956895e-01,8.710265941337620443e-01,-1.297582015460180260e-01,1.343398131211499258e-01,8.694192965405890261e-01,-1.345219511836372450e-01,1.362384173829375156e-01,8.693633332241011979e-01,-1.362142375075264533e-01
3.193247859484985574e-01,6.683307910220214199e-01,-4.256748648640782395e-01,1.193899401609902072e-01,7.522150294912960389e-01,-3.343552363531451799e-01,1.224183881638625099e-01,8.690470938401252399e-01,-1.881230753283405499e-01,1.356257732851513242e-01,8.764119461896575647e-01,-1.525800863181469014e-01,1.393440599672647606e-01,8.782778602433065629e-01,-1.436223630770691873e-01,1.033030747951128731e-01,9.072170921888431661e-01,-2.233854924730004077e-01,1.121077193646973780e-01,8.856754733827429948e-01,-1.351166057673203746e-01,1.310031825575888043e-01,8.811616732272483654e-01,-1.335174094315300375e-01,1.380757729157262859e-01,8.790561496124289498e-01,-1.382585171268737312e-01,1.399667198590625605e-01,8.789154210774103859e-01,-1.399428414508201990e-01
3.211228345443647436e-01,6.749954011212007110e-01,-4.276009408866910944e-01,1.228759450649323237e-01,7.607762300615483753e-01,-3.381631899130457808e-01,1.267496306153227115e-01,8.739849813347113638e-01,-1.925360860428142473e-01,1.396661842912201024e-01,8.836375834409836427e-01,-1.566656754622346992e-01,1.432435911648012594e-01,8.866042415713347724e-01,-1.475356591607731582e-01,1.069630436370862248e-01,9.195953342769167538e-01,-2.272126462247945067e-01,1.160174739846119435e-01,8.947398920061234717e-01,-1.390861277768965509e-01,1.348503604179578375e-01,8.903091325284553381e-01,-1.373692918646702565e-01,1.418674732329974209e-01,8.882872458138775240e-01,-1.420506722959440082e-01,1.437457076580029580e-01,8.881336289837372666e-01,-1.437221090493404074e-01
3.229208831402309854e-01,6.816600112203800022e-01,-4.295270169093038382e-01,1.263619499688744263e-01,7.693374306318006006e-01,-3.419711434729463817e-01,1.310808730667829547e-01,8.789228688292973768e-01,-1.969490967572879170e-01,1.437065952972888805e-01,8.908632206923097208e-01,-1.607512646063225248e-01,1.471431223623377860e-01,8.949306228993630929e-01,-1.514489552444771570e-01,1.106604064182054870e-01,9.319636201966703393e-01,-2.310756414476876353e-01,1.199730347584340717e-01,9.035471513083573880e-01,-1.431003582388736262e-01,1.387463205781592768e-01,8.990995569709945290e-01,-1.412698183850245870e-01,1.457088583715960006e-01,8.971666427327722459e-01,-1.458925047461074875e-01,1.475746150835847703e-01,8.970107615558380321e-01,-1.475513025631158548e-01
3.247189317360972272e-01,6.883246213195592933e-01,-4.314530929319167485e-01,1.298479548728165289e-01,7.778986312020528260e-01,-3.457790970328469826e-01,1.354121155182431979e-01,8.838607563238836118e-01,-2.013621074717615866e-01,1.477470063033576864e-01,8.980888579436360208e-01,-1.648368537504103781e-01,1.510426535598743125e-01,9.032570042273915245e-01,-1.553622513281811557e-01,1.143951631384706735e-01,9.443219499481038115e-01,-2.349744781416797101e-01,1.239744016861635822e-01,9.120972512894435225e-01,-1.471592971532515171e-01,1.426910630381931777e-01,9.075329465548657160e-01,-1.452189889925931121e-01,1.495999283315221640e-01,9.056943403691134487e-01,-1.497840144773643078e-01,1.514534421358080252e-01,9.055468187937127933e-01,-1.514304219921465966e-01
3.265169803319634689e-01,6.949892314187385844e-01,-4.333791689545295478e-01,1.333339597767586593e-01,7.864598317723050513e-01,-3.495870505927475835e-01,1.397433579697034134e-01,8.887986438184697358e-01,-2.057751181862352563e-01,1.517874173094264645e-01,9.053144951949620989e-01,-1.689224428944981760e-01,1.549421847574108391e-01,9.115833855554198450e-01,-1.592755474118851822e-01,1.181673137978817706e-01,9.566703235312170595e-01,-2.389091563067708424e-01,1.280215747678006832e-01,9.203901919493832073e-01,-1.512629445200302791e-01,1.466845877980595403e-01,9.156093012800687880e-01,-1.492168036873758319e-01,1.535406831127759664e-01,9.138703387229011321e-01,-1.537252014897144692e-01,1.553821888146726116e-01,9.137418006973607731e-01,-1.553594673364325773e-01
3.283150289278297107e-01,7.016538415179176535e-01,-4.353052449771423471e-01,1.368199646807007619e-01,7.950210323425572767e-01,-3.533950041526481844e-01,1.440746004211636566e-01,8.937365313130558597e-01,-2.101881289007089260e-01,1.558278283154952426e-01,9.125401324462881769e-01,-1.730080320385860015e-01,1.588417159549473379e-01,9.199097668834481656e-01,-1.631888434955891531e-01,1.219768583964387643e-01,9.690087409460103052e-01,-2.428796759429609486e-01,1.321145540033452359e-01,9.284259732881755545e-01,-1.554113003392098846e-01,1.507268948577584755e-01,9.233286211466046334e-01,-1.532632624693728018e-01,1.575311227153573523e-01,9.216946377941354074e-01,-1.577160657831579715e-01,1.593608551201786405e-01,9.215957072667831929e-01,-1.593384385959738248e-01
3.301130775236958970e-01,7.083184516170969447e-01,-4.372313209997552019e-01,1.403059695846428645e-01,8.035822329128096131e-01,-3.572029577125487854e-01,1.484058428726238721e-01,8.986744188076420947e-01,-2.146011396151826234e-01,1.598682393215640485e-01,9.197657696976144770e-01,-1.770936211826738271e-01,1.627412471524839199e-01,9.282361482114767082e-01,-1.671021395792932074e-01,1.258237969341416684e-01,9.813372021924834376e-01,-2.468860370502500290e-01,1.362533393927973235e-01,9.362045953058210079e-01,-1.596043646107903891e-01,1.548179842172897613e-01,9.306909061544720307e-01,-1.573583653385838277e-01,1.615712471392663219e-01,9.291672375828157193e-01,-1.617566073576947872e-01,1.633894410523260843e-01,9.291085385019790532e-01,-1.633673357707703666e-01
3.319111261195621387e-01,7.149830617162762358e-01,-4.391573970223680567e-01,1.437919744885849671e-01,8.121434334830618385e-01,-3.610109112724493863e-01,1.527370853240841153e-01,9.036123063022281077e-01,-2.190141503296562653e-01,1.639086503276328544e-01,9.269914069489405550e-01,-1.811792103267616527e-01,1.668767643717126992e-01,9.348907583630184925e-01,-1.712482736448525944e-01,1.297081294109904692e-01,9.936557072706364568e-01,-2.509282396286381944e-01,1.404379309361568906e-01,9.437260580023194567e-01,-1.638421373347717647e-01,1.589578558766536198e-01,9.376961563036719793e-01,-1.615021122950091592e-01,1.656610563845028472e-01,9.362881380889426230e-01,-1.658468262133248883e-01,1.674685058118691727e-01,9.362632978712990273e-01,-1.674467073949626184e-01
3.337091747154283250e-01,7.216476718154555270e-01,-4.410834730449808561e-01,1.472779793925270697e-01,8.207046340533139528e-01,-3.648188648323499872e-01,1.570683277755443585e-01,9.085501937968143427e-01,-2.234271610441299627e-01,1.679490613337016325e-01,9.342170442002666331e-01,-1.852647994708495061e-01,1.710909435981722848e-01,9.409881114557315795e-01,-1.754720203710305459e-01,1.336298558269852221e-01,1.005964256180469363e+00,-2.550062836781252784e-01,1.446683286334239649e-01,9.509903613776709008e-01,-1.681246185111540115e-01,1.631465098358498844e-01,9.443443715942038130e-01,-1.656945033386486021e-01,1.698005504510668728e-01,9.430573393125155635e-01,-1.699867223500482749e-01,1.715976782032761772e-01,9.430467859672424513e-01,-1.715761835684465331e-01
3.355072233112945113e-01,7.283122819146347071e-01,-4.430095490675936554e-01,1.507639842964691168e-01,8.292658346235661782e-01,-3.686268183922505881e-01,1.613995702270045185e-01,9.134880812914003556e-01,-2.278401717586036046e-01,1.719894723397703551e-01,9.414426814515927111e-01,-1.893503886149372761e-01,1.753051228246317872e-01,9.470854645484447776e-01,-1.796957670972084142e-01,1.375889761821258162e-01,1.018262848921982044e+00,-2.591201691987113920e-01,1.489445324845984076e-01,9.579975054318748962e-01,-1.724518081399370184e-01,1.673839460948786384e-01,9.506355520260680869e-01,-1.699355384695022952e-01,1.739897293389585375e-01,9.494748412535353177e-01,-1.741762957678649748e-01,1.757767720555773461e-01,9.494611639534169534e-01,-1.757555808449835222e-01
3.373052719071607530e-01,7.349768920138139983e-01,-4.449356250902065657e-01,1.542499892004112472e-01,8.378270351938185145e-01,-3.724347719521511890e-01,1.657308126784647617e-01,9.184259687859867016e-01,-2.322531824730773020e-01,1.760298833458391610e-01,9.486683187029187891e-01,-1.934359777590250740e-01,1.795193020510913451e-01,9.531828176411578646e-01,-1.839195138233863380e-01,1.415854904764123623e-01,1.030551485495174724e+00,-2.632698961903965906e-01,1.532665424896804685e-01,9.647474901649319978e-01,-1.768237062211209243e-01,1.716701646537399095e-01,9.565696975992643569e-01,-1.742252176875701830e-01,1.782285930481777858e-01,9.555406439120014417e-01,-1.784155464667750435e-01,1.800057873687726795e-01,9.555064318298220893e-01,-1.799848992245734469e-01
3.391033205030269948e-01,7.416415021129931784e-01,-4.468617011128193095e-01,1.577359941043533498e-01,8.463882357640707399e-01,-3.762427255120517899e-01,1.700620551299249772e-01,9.233638562805726036e-01,-2.366661931875509439e-01,1.800702943519079668e-01,9.558939559542449782e-01,-1.975215669031129273e-01,1.837334812775509030e-01,9.592801707338709516e-01,-1.881432605495642618e-01,1.456193987098448328e-01,1.042830165900047401e+00,-2.674554646531806523e-01,1.576343586486700088e-01,9.712403155768422058e-01,-1.812403127547057291e-01,1.760051655124336423e-01,9.621468083137927341e-01,-1.785635409928522654e-01,1.825171415787245899e-01,9.612547472879138244e-01,-1.827044744467784254e-01,1.842847241428621496e-01,9.611825895964585253e-01,-1.842641387072163628e-01
3.409013690988932921e-01,7.483061122121724695e-01,-4.487877771354321643e-01,1.612219990082954801e-01,8.549494363343229653e-01,-3.800506790719523909e-01,1.743932975813852204e-01,9.283017437751588385e-01,-2.410792039020246413e-01,1.841107053579767727e-01,9.631195932055712783e-01,-2.016071560472007806e-01,1.879476605040104609e-01,9.653775238265840386e-01,-1.923670072757421856e-01,1.496907008824231999e-01,1.055098890136600076e+00,-2.716768745870638546e-01,1.620479809615670008e-01,9.774759816676054092e-01,-1.857016277406913496e-01,1.803889486709598644e-01,9.673668841696535514e-01,-1.829505083853485425e-01,1.868553749305990053e-01,9.666171513812724658e-01,-1.870430797078750929e-01,1.886135823778458398e-01,9.664896372533258173e-01,-1.885932992929123253e-01
3.426994176947594783e-01,7.549707223113516497e-01,-4.507138531580450191e-01,1.647080039122375827e-01,8.635106369045751906e-01,-3.838586326318529918e-01,1.787245400328454359e-01,9.332396312697451846e-01,-2.454922146164983388e-01,1.884736690628442402e-01,9.679899313912454506e-01,-2.059955628964759977e-01,1.923193701732283378e-01,9.702869308661478120e-01,-1.967457772903930258e-01,1.537993969941474637e-01,1.067357658204832305e+00,-2.759341259920459200e-01,1.665074094283715278e-01,9.834544884372213858e-01,-1.902076511790778690e-01,1.848215141293185759e-01,9.722299251668461428e-01,-1.873861198650590143e-01,1.912462439422706051e-01,9.715732540990839050e-01,-1.914342113807623313e-01,1.929927275582979940e-01,9.714189310227996366e-01,-1.929727385913390936e-01
3.444974662906257201e-01,7.616353324105309408e-01,-4.526399291806578185e-01,1.681940088161796854e-01,8.720718374748275270e-01,-3.876665861917536482e-01,1.830557824843056791e-01,9.381775187643311975e-01,-2.499052253309719807e-01,1.931591854665104524e-01,9.705049705112680503e-01,-2.106867874509387173e-01,1.968486102852045616e-01,9.740083918525624940e-01,-2.012795705935168655e-01,1.579454870450176796e-01,1.079606470104744975e+00,-2.802272188681271259e-01,1.710126440490835897e-01,9.891758358856904687e-01,-1.947583830698652596e-01,1.893028618875097213e-01,9.767359313053710634e-01,-1.918703754319836252e-01,1.956897412878555731e-01,9.760952842424933662e-01,-1.958778594497314895e-01,1.974221596249086941e-01,9.759564525051779293e-01,-1.974024568652694434e-01
3.462955148864919064e-01,7.682999425097102320e-01,-4.545660052032706733e-01,1.716800137201217880e-01,8.806330380450797524e-01,-3.914745397516541936e-01,1.873870249357659223e-01,9.431154062589174325e-01,-2.543182360454456781e-01,1.978447018701766091e-01,9.730200096312904279e-01,-2.153780120054013536e-01,2.013778503971807576e-01,9.777298528389769539e-01,-2.058133638966406775e-01,1.621289710350337920e-01,1.091845325836336977e+00,-2.845561532153073059e-01,1.755636848237030756e-01,9.946400240130124359e-01,-1.993538234130534936e-01,1.938329919455333838e-01,9.808849025852280912e-01,-1.964032750861225141e-01,2.001829136869230363e-01,9.802285868382102363e-01,-2.003711714455159165e-01,2.019015130733337604e-01,9.801061726781855610e-01,-2.018820965926167998e-01
3.480935634823581482e-01,7.749645526088894121e-01,-4.564920812258835281e-01,1.751660186240638906e-01,8.891942386153319777e-01,-3.952824933115548500e-01,1.917182673872261378e-01,9.480532937535035565e-01,-2.587312467599193200e-01,2.025302182738427659e-01,9.755350487513128055e-01,-2.200692365598640454e-01,2.059070905091569537e-01,9.814513138253915248e-01,-2.103471571997645173e-01,1.663498489641958011e-01,1.104074225399609199e+00,-2.889209290335864044e-01,1.801605317522300964e-01,9.998470528191872875e-01,-2.039939722086425433e-01,1.984119043033895635e-01,9.846768390064176701e-01,-2.009848188274755976e-01,2.047257611394728838e-01,9.839731618862339602e-01,-2.049141473681155290e-01,2.064307879035731652e-01,9.838680915418218653e-01,-2.064116577733810520e-01
3.498916120782243344e-01,7.816291627080687032e-01,-4.584181572484963829e-01,1.786520235280059932e-01,8.977554391855842031e-01,-3.990904468714554509e-01,1.960495098386863533e-01,9.529911812480896804e-01,-2.631442574743930174e-01,2.072157346775090059e-01,9.780500878713355162e-01,-2.247604611143267928e-01,2.104363306211331497e-01,9.851727748118059846e-01,-2.148809505028883293e-01,1.706081208325037069e-01,1.116293168794560975e+00,-2.933215463229645326e-01,1.848031848346645689e-01,1.004796922304215023e+00,-2.086788294566324919e-01,2.030395989610782048e-01,9.881117405689389122e-01,-2.056150066560428757e-01,2.093182836455051710e-01,9.873290093865647599e-01,-2.095067872175303270e-01,2.110099841156269362e-01,9.872422090960870644e-01,-2.109911404075622832e-01
3.516896606740905762e-01,7.882937728072479944e-01,-4.603442332711091822e-01,1.821380284319480958e-01,9.063166397558365395e-01,-4.028984004313560519e-01,2.003807522901466243e-01,9.579290687426758044e-01,-2.675572681888667148e-01,2.119012510811751626e-01,9.805651269913577828e-01,-2.294516856687894291e-01,2.149655707331093457e-01,9.888942357982205555e-01,-2.194147438060121413e-01,1.749037866399575647e-01,1.128502156021193192e+00,-2.977580050834417458e-01,1.894916440710065764e-01,1.009489632468095976e+00,-2.134083951570233395e-01,2.077160759185992245e-01,9.911896072727925944e-01,-2.102938385718242376e-01,2.139604812050199811e-01,9.902961293392029685e-01,-2.141490909937603937e-01,2.156391017094950180e-01,9.902285253409812693e-01,-2.156205444951603545e-01
3.534877092699568180e-01,7.949583829064272855e-01,-4.622703092937219815e-01,1.856240333358901984e-01,9.148778403260887648e-01,-4.067063539912566528e-01,2.047119947416068120e-01,9.628669562372619284e-01,-2.719702789033403567e-01,2.165867674848413471e-01,9.830801661113802714e-01,-2.341429102232520931e-01,2.195736815816133891e-01,9.919995919344510860e-01,-2.240259446883176020e-01,1.792368463865572636e-01,1.140701187079504964e+00,-3.022303053150178220e-01,1.942259094612560910e-01,1.013925183310829814e+00,-2.181826693098150027e-01,2.124413351759528168e-01,9.939104391179781617e-01,-2.150213145748199051e-01,2.186523538180173143e-01,9.928745217441482529e-01,-2.188410586968057847e-01,2.203183199370953860e-01,9.928235240869529576e-01,-2.203000458570572029e-01
3.552857578658230597e-01,8.016229930056065767e-01,-4.641963853163348919e-01,1.891100382398323010e-01,9.234390408963409902e-01,-4.105143075511572537e-01,2.090432371930670830e-01,9.678048437318481634e-01,-2.763832896178140541e-01,2.212722838885075594e-01,9.855952052314027600e-01,-2.388341347777148127e-01,2.244184046397010024e-01,9.932566335201302721e-01,-2.288693683081680363e-01,1.836073000723029147e-01,1.152890261969496732e+00,-3.067384470176930389e-01,1.990059810054130851e-01,1.018103574832416536e+00,-2.230016519150075649e-01,2.172153767331388985e-01,9.962742361044962802e-01,-2.197974346650297395e-01,2.233939014844970317e-01,9.950641866014007242e-01,-2.235826903266662780e-01,2.250479949602068874e-01,9.950143326861004001e-01,-2.250299941819099980e-01
3.570838064616892460e-01,8.082876031047857568e-01,-4.661224613389476912e-01,1.925960431437744036e-01,9.320002414665931045e-01,-4.143222611110578546e-01,2.133744796445272429e-01,9.727427312264342874e-01,-2.807963003322876960e-01,2.259578002921736606e-01,9.881102443514251377e-01,-2.435253593321774490e-01,2.292631276977885602e-01,9.945136751058093472e-01,-2.337127919280184152e-01,1.880151476971944624e-01,1.165069380691168055e+00,-3.112824301914671188e-01,2.038318587034774754e-01,1.022024807032855920e+00,-2.278653429726008595e-01,2.220382005901573585e-01,9.982809982323460618e-01,-2.246221988424537408e-01,2.281851242044591610e-01,9.968651239109604933e-01,-2.283739858833419567e-01,2.298275876178420551e-01,9.968079955457993524e-01,-2.298098608352097949e-01
3.588818550575554878e-01,8.149522132039649369e-01,-4.680485373615604905e-01,1.960820480477165062e-01,9.405614420368454409e-01,-4.181302146709584555e-01,2.177057220959874861e-01,9.776806187210203003e-01,-2.852093110467613379e-01,2.306433166958398451e-01,9.906252834714477373e-01,-2.482165838866401408e-01,2.341078507558762012e-01,9.957707166914885333e-01,-2.385562155478688773e-01,1.924603892612319345e-01,1.177238543244519819e+00,-3.158622548363403393e-01,2.087035425554494561e-01,1.025688879912148632e+00,-2.327737424825951085e-01,2.269098067470083635e-01,9.999307255015285056e-01,-2.294956071070919645e-01,2.330260219779037578e-01,9.982773336728270053e-01,-2.332149453668329042e-01,2.346570979100009724e-01,9.982045126660498147e-01,-2.346396458169567323e-01
3.606799036534217295e-01,8.216168233031441170e-01,-4.699746133841732898e-01,1.995680529516586366e-01,9.491226426070976663e-01,-4.219381682308591119e-01,2.220369645474477016e-01,9.826185062156065353e-01,-2.896223217612350354e-01,2.353288330995060573e-01,9.931403225914701149e-01,-2.529078084411028327e-01,2.389525738139637867e-01,9.970277582771676084e-01,-2.433996391677192561e-01,1.969430247644153309e-01,1.189397749629551138e+00,-3.204779209523124783e-01,2.136210325613289718e-01,1.029095793470294451e+00,-2.377268504449902564e-01,2.318301952036918856e-01,1.001223417912042724e+00,-2.344176594589443274e-01,2.379165948048309331e-01,9.993008158870008151e-01,-2.381055687771391205e-01,2.395365258366837502e-01,9.992038840468527860e-01,-2.395193491271508934e-01
3.624779522492879158e-01,8.282814334023234082e-01,-4.719006894067861446e-01,2.030540578556007114e-01,9.576838431773498916e-01,-4.257461217907596573e-01,2.263682069989079726e-01,9.875563937101927703e-01,-2.940353324757087328e-01,2.400143495031722418e-01,9.956553617114926036e-01,-2.575990329955655245e-01,2.437972968720514277e-01,9.982847998628469055e-01,-2.482430627875696905e-01,2.014630542067446239e-01,1.201546999846262453e+00,-3.251294285393837025e-01,2.185843287211159391e-01,1.032245547707292710e+00,-2.427246668597862200e-01,2.367993659602078693e-01,1.002159075463889382e+00,-2.393883558980109683e-01,2.428568426852405204e-01,9.999355705534821448e-01,-2.430458561142605778e-01,2.444658713978901110e-01,9.998061096882066012e-01,-2.444489707657920563e-01
3.642760008451541576e-01,8.349460435015026993e-01,-4.738267654293989994e-01,2.065400627595428140e-01,9.662450437476021170e-01,-4.295540753506602583e-01,2.306994494503681881e-01,9.924942812047788943e-01,-2.984483431901823747e-01,2.446998659068384263e-01,9.981704008315150922e-01,-2.622902575500281608e-01,2.486420199301390410e-01,9.995418414485259806e-01,-2.530864864074201526e-01,2.060204775882198414e-01,1.213686293894653767e+00,-3.298167775975539007e-01,2.235934310348103859e-01,1.035138142623144075e+00,-2.477671917269830271e-01,2.418173190165562869e-01,1.002737698157067925e+00,-2.444076964242917482e-01,2.478467656191325752e-01,1.000181597672270106e+00,-2.480358073781972206e-01,2.494451345936202769e-01,1.000011189590112481e+00,-2.494285107328803597e-01
3.706332138129729281e-01,8.284449099463141453e-01,-4.790884707513753393e-01,2.133921454267968809e-01,9.581763770421253268e-01,-4.346971307033247189e-01,2.364702838848762034e-01,9.877991565119295103e-01,-3.039163881035815140e-01,2.500369157550703658e-01,9.957292284437908592e-01,-2.675803579830422496e-01,2.538026589129710464e-01,9.983042822676718719e-01,-2.582390765481119010e-01,2.127164590041306647e-01,1.202022702264639031e+00,-3.356130692753762634e-01,2.290095783215058967e-01,1.032301562934526684e+00,-2.530863016929426612e-01,2.469303527642449647e-01,1.002163324196805760e+00,-2.495138298758558804e-01,2.528920284914401573e-01,9.999358930548222224e-01,-2.530807640503022760e-01,2.544750079052268688e-01,9.998061359711198914e-01,-2.544586450337192329e-01
3.769904267807918652e-01,8.219437763911259243e-01,-4.843501760733517902e-01,2.202442280940509756e-01,9.501077103366487586e-01,-4.398401860559891796e-01,2.422411183193842188e-01,9.831040318190804594e-01,-3.093844330169806534e-01,2.553739656033023331e-01,9.932880560560668481e-01,-2.728704584160563384e-01,2.589632978958030796e-01,9.970667230868177633e-01,-2.633916666888037050e-01,2.194375679650980848e-01,1.190346649757661357e+00,-3.414276546949824853e-01,2.344712306445900230e-01,1.029206800292668200e+00,-2.584483822648936946e-01,2.520920876592739890e-01,1.001231909128110997e+00,-2.546684576146904244e-01,2.579869523249612162e-01,9.993014619758266992e-01,-2.581753684788598568e-01,2.595547984792063168e-01,9.992039355234106912e-01,-2.595386976185818928e-01
3.833476397486107468e-01,8.154426428359375922e-01,-4.896118813953282967e-01,2.270963107613050980e-01,9.420390436311721905e-01,-4.449832414086537513e-01,2.480119527538922897e-01,9.784089071262314086e-01,-3.148524779303798482e-01,2.607110154515343003e-01,9.908468836683429481e-01,-2.781605588490704828e-01,2.641239368786351127e-01,9.958291639059637657e-01,-2.685442568294955090e-01,2.261838044711217965e-01,1.178658136373720522e+00,-3.472605338563722333e-01,2.399783880040630701e-01,1.025853854697568623e+00,-2.638534334428362937e-01,2.573025237016431377e-01,9.999434529509837466e-01,-2.598715796407952694e-01,2.631315371196960018e-01,9.982783044352844248e-01,-2.633196206638701020e-01,2.646845063155586208e-01,9.982045882469854359e-01,-2.646686684874683948e-01
3.897048527164295728e-01,8.089415092807491492e-01,-4.948735867173045810e-01,2.339483934285591371e-01,9.339703769256952892e-01,-4.501262967613181565e-01,2.537827871884002495e-01,9.737137824333821357e-01,-3.203205228437789875e-01,2.660480652997662676e-01,9.884057112806188261e-01,-2.834506592820845716e-01,2.692845758614671459e-01,9.945916047251097680e-01,-2.736968469701873130e-01,2.329551685222021329e-01,1.166957162112816082e+00,-3.531117067595456738e-01,2.455310503999247884e-01,1.022242726149228842e+00,-2.693014552267706807e-01,2.625616608913527439e-01,9.982979556654237863e-01,-2.651231959541704430e-01,2.683257828756445695e-01,9.968664204331951773e-01,-2.685135206053330670e-01,2.698641314142836700e-01,9.968080941418434593e-01,-2.698485576403786279e-01
3.960620656842484544e-01,8.024403757255608172e-01,-5.001352920392809764e-01,2.408004760958132040e-01,9.259017102202184990e-01,-4.552693521139825616e-01,2.595536216229082926e-01,9.690186577405328627e-01,-3.257885677571781269e-01,2.713851151479982349e-01,9.859645388928947041e-01,-2.887407597150986605e-01,2.744452148442991790e-01,9.933540455442557704e-01,-2.788494371108791170e-01,2.397516601183388996e-01,1.155243726974948260e+00,-3.589811734045026959e-01,2.511292178321753998e-01,1.018373414647648190e+00,-2.747924476166966334e-01,2.678694992284028076e-01,9.962954172714320045e-01,-2.704233065548161119e-01,2.735696895928067529e-01,9.950658099695590675e-01,-2.737570683032488073e-01,2.750936737753816308e-01,9.950144532079848725e-01,-2.750783650773128142e-01
4.024192786520673359e-01,7.959392421703724851e-01,-5.053969973612574274e-01,2.476525587630672987e-01,9.178330435147420419e-01,-4.604124074666471333e-01,2.653244560574163358e-01,9.643235330476839229e-01,-3.312566126705772662e-01,2.767221649962302021e-01,9.835233665051705820e-01,-2.940308601481127493e-01,2.796058538271312122e-01,9.921164863634018838e-01,-2.840020272515709765e-01,2.465732792595320966e-01,1.143517830960117054e+00,-3.648689337912434105e-01,2.567728903008147379e-01,1.014245920192826222e+00,-2.803264106126142075e-01,2.732260387127928847e-01,9.939358377690071800e-01,-2.757719114427318874e-01,2.788632572711825519e-01,9.928764730443756514e-01,-2.790502637576171563e-01,2.803731333988523367e-01,9.928236654454102306e-01,-2.803580907982707315e-01
4.087764916198861620e-01,7.894381086151840421e-01,-5.106587026832338783e-01,2.545046414303213655e-01,9.097643768092652516e-01,-4.655554628193115385e-01,2.710952904919243789e-01,9.596284083548345389e-01,-3.367246575839764056e-01,2.820592148444621694e-01,9.810821941174467931e-01,-2.993209605811268936e-01,2.850036459228903474e-01,9.890293779994693280e-01,-2.893862073422555636e-01,2.534200259457818349e-01,1.131779474068322688e+00,-3.707749879197678178e-01,2.624620678058426915e-01,1.009860242784763606e+00,-2.859033442145234027e-01,2.786312793445234748e-01,9.912192171581502009e-01,-2.811690106179182691e-01,2.842064859107720221e-01,9.902984096576452622e-01,-2.843931069684381696e-01,2.857030258144808710e-01,9.902286848845959222e-01,-2.856882393120105390e-01
4.151337045877049881e-01,7.829369750599955990e-01,-5.159204080052102181e-01,2.613567240975754324e-01,9.016957101037885725e-01,-4.706985181719760547e-01,2.768661249264324220e-01,9.549332836619854881e-01,-3.421927024973755449e-01,2.873962646926941367e-01,9.786410217297225600e-01,-3.046110610141409825e-01,2.904804890562918129e-01,9.853257532411772157e-01,-2.948475840829378747e-01,2.602919001770881424e-01,1.120028656299564940e+00,-3.766993357900759176e-01,2.681967503472596492e-01,1.005216382423460564e+00,-2.915232484224242748e-01,2.840852211235943559e-01,9.881455554388605123e-01,-2.866146040803748685e-01,2.895993755115751633e-01,9.873316198093678997e-01,-2.897855979357117917e-01,2.910830069823053812e-01,9.872423870382538436e-01,-2.910684718765771395e-01
4.214909175555238141e-01,7.764358415048072670e-01,-5.211821133271866691e-01,2.682088067648295548e-01,8.936270433983118933e-01,-4.758415735246405154e-01,2.826369593609404651e-01,9.502381589691364372e-01,-3.476607474107747953e-01,2.927333145409261039e-01,9.761998493419985490e-01,-3.099011614471550713e-01,2.959573321896932785e-01,9.816221284828852145e-01,-3.003089608236201302e-01,2.671889019534508525e-01,1.108265377653843586e+00,-3.826419774021675990e-01,2.739769379250654446e-01,1.000314339108916872e+00,-2.971861232363168237e-01,2.895878640500055834e-01,9.847148526111385580e-01,-2.921086918301019630e-01,2.950419260735919758e-01,9.839761034995434530e-01,-2.952277366594381891e-01,2.965129050085730245e-01,9.838682888771339563e-01,-2.964986199791296295e-01
4.278481305233426402e-01,7.699347079496187130e-01,-5.264438186491630089e-01,2.750608894320836217e-01,8.855583766928352141e-01,-4.809846288773049205e-01,2.884077937954484527e-01,9.455430342762871643e-01,-3.531287923241738236e-01,2.980703643891580712e-01,9.737586769542745380e-01,-3.151912618801692156e-01,3.014341753230947996e-01,9.779185037245932133e-01,-3.057703375643024413e-01,2.741110312748700206e-01,1.096489638131159516e+00,-3.886029127560430285e-01,2.798026305392597446e-01,9.951541128411324211e-01,-3.028919686562009383e-01,2.951392081237570464e-01,9.809271086749841162e-01,-2.976512738670993308e-01,3.005341375968224593e-01,9.802318607281718110e-01,-3.007195231396171953e-01,3.019927198932837453e-01,9.801063904012367045e-01,-3.019786836196681201e-01
4.342053434911615772e-01,7.634335743944306030e-01,-5.317055239711394599e-01,2.819129720993376886e-01,8.774897099873584239e-01,-4.861276842299693812e-01,2.941786282299564959e-01,9.408479095834381134e-01,-3.585968372375729629e-01,3.034074142373900385e-01,9.713175045665505269e-01,-3.204813623131832490e-01,3.069110184564962651e-01,9.742148789663013231e-01,-3.112317143049846968e-01,2.810582881413457579e-01,1.084701437731511842e+00,-3.945821418517020951e-01,2.856738281898431042e-01,9.897357036201069880e-01,-3.086407846820766743e-01,3.007392533448488559e-01,9.767823236303971868e-01,-3.032423501913670827e-01,3.060760100812666695e-01,9.760988914952533069e-01,-3.062609573762489767e-01,3.075224516364375993e-01,9.759566916105614220e-01,-3.075086627981926113e-01
4.405625564589804588e-01,7.569324408392421599e-01,-5.369672292931159108e-01,2.887650547665918110e-01,8.694210432818818557e-01,-4.912707395826338974e-01,2.999494626644645390e-01,9.361527848905888405e-01,-3.640648821509721023e-01,3.087444640856220057e-01,9.688763321788265159e-01,-3.257714627461973933e-01,3.123878615898977862e-01,9.705112542080093219e-01,-3.166930910456670079e-01,2.880306725528778977e-01,1.072900776454900562e+00,-4.005796646891446877e-01,2.915905308768149129e-01,9.840591114458402400e-01,-3.144325713139439205e-01,3.063879997132810118e-01,9.722804974773777698e-01,-3.088819208029052188e-01,3.116675435269243843e-01,9.715771958007878295e-01,-3.118520393693333670e-01,3.131021002380344753e-01,9.714191925051085530e-01,-3.130885575147029365e-01
4.469197694267992294e-01,7.504313072840536059e-01,-5.422289346150922507e-01,2.956171374338458779e-01,8.613523765764050655e-01,-4.964137949352983581e-01,3.057202970989725266e-01,9.314576601977395676e-01,-3.695329270643712971e-01,3.144088706794085919e-01,9.640693341699918539e-01,-3.313582755246601841e-01,3.180228791638994301e-01,9.656182485095708978e-01,-3.223086951111283627e-01,2.950281845094665512e-01,1.061087654301326122e+00,-4.065954812683710284e-01,2.975527386001758368e-01,9.781243363183335093e-01,-3.202673285518030100e-01,3.120854472290534587e-01,9.674216302159261982e-01,-3.145699857017136836e-01,3.173114580597306000e-01,9.666213373299525902e-01,-3.174952829991751213e-01,3.187320021399938086e-01,9.664899195925933384e-01,-3.187186850918228842e-01
4.532769823946181109e-01,7.439301737288653849e-01,-5.474906399370687016e-01,3.024692201010999448e-01,8.532837098709283863e-01,-5.015568502879628188e-01,3.114911315334805697e-01,9.267625355048905167e-01,-3.750009719777704920e-01,3.204006340187497415e-01,9.568965105400468740e-01,-3.372418006485717323e-01,3.238160711785012524e-01,9.595358618709859400e-01,-3.280785265013688168e-01,3.020508240111116072e-01,1.049262071270788299e+00,-4.126295915893810062e-01,3.035604513599253762e-01,9.719313782375852417e-01,-3.261450563956536097e-01,3.178315958921663076e-01,9.622057218460418060e-01,-3.203065448877925325e-01,3.230077473570442947e-01,9.612590885353845538e-01,-3.231906820713238981e-01,3.244121530241538265e-01,9.611828896562956137e-01,-3.243990433139624097e-01
4.596341953624369925e-01,7.374290401736770528e-01,-5.527523452590451525e-01,3.093213027683540117e-01,8.452150431654517071e-01,-5.066999056406272794e-01,3.172619659679886128e-01,9.220674108120413548e-01,-3.804690168911695758e-01,3.263923973580908910e-01,9.497236869101017831e-01,-3.431253257724832251e-01,3.296092631931030748e-01,9.534534752324013152e-01,-3.338483578916092709e-01,3.090985910578133433e-01,1.037424027363287538e+00,-4.186819956521747321e-01,3.096136691560637533e-01,9.654802372035965474e-01,-3.320657548454958863e-01,3.236264457026193919e-01,9.566327723677249262e-01,-3.260915983611417102e-01,3.287536891853841681e-01,9.555451432161188308e-01,-3.289357206406585132e-01,3.301422150092082619e-01,9.555067484495954888e-01,-3.301293141199682646e-01
4.659914083302557630e-01,7.309279066184887208e-01,-5.580140505810213813e-01,3.161733854356079121e-01,8.371463764599751389e-01,-5.118429609932916291e-01,3.230328004024964894e-01,9.173722861191924149e-01,-3.859370618045686041e-01,3.323841606974319851e-01,9.425508632801570252e-01,-3.490088508963946623e-01,3.354024552077047305e-01,9.473710885938166903e-01,-3.396181892818496695e-01,3.161714856495713155e-01,1.025573522578823393e+00,-4.247526934567519286e-01,3.157123919885907459e-01,9.587709132163672043e-01,-3.380294239013296731e-01,3.294699966604126562e-01,9.507027817809760029e-01,-3.319251461217612165e-01,3.345492835447501645e-01,9.494795013721563093e-01,-3.347303987071788556e-01,3.359221880951567818e-01,9.494614959724926306e-01,-3.359094975098402269e-01
4.723486212980745336e-01,7.244267730633002778e-01,-5.632757559029977212e-01,3.230254681028620345e-01,8.290777097544985708e-01,-5.169860163459560898e-01,3.288036348370045325e-01,9.126771614263431420e-01,-3.914051067179677434e-01,3.383759240367731902e-01,9.353780396502118233e-01,-3.548923760203061550e-01,3.411956472223066084e-01,9.412887019552318435e-01,-3.453880206720901236e-01,3.232695077863859123e-01,1.013710556917395866e+00,-4.308416850031129286e-01,3.218566198575067427e-01,9.518034062758968794e-01,-3.440360635631553032e-01,3.353622487655464335e-01,9.444157500857942589e-01,-3.378071881696511070e-01,3.403945304351423951e-01,9.430621630034957681e-01,-3.405747162708850917e-01,3.417520722820002743e-01,9.430471322249872612e-01,-3.417395934835789073e-01
4.787058342658934151e-01,7.179256395081119457e-01,-5.685374612249741721e-01,3.298775507701161014e-01,8.210090430490217805e-01,-5.221290716986205505e-01,3.345744692715125757e-01,9.079820367334939801e-01,-3.968731516313669383e-01,3.443676873761143953e-01,9.282052160202671764e-01,-3.607759011442177588e-01,3.469888392369083752e-01,9.352063153166471077e-01,-3.511578520623306332e-01,3.303926574682570783e-01,1.001835130379004735e+00,-4.369489702912576212e-01,3.280463527628113551e-01,9.445777163821856837e-01,-3.500856738309723326e-01,3.413032020180205017e-01,9.377716772821802493e-01,-3.437377245048113816e-01,3.462894298565608597e-01,9.362931281101384284e-01,-3.464686733317772216e-01,3.476318675697380733e-01,9.362636572070793806e-01,-3.476196020411839727e-01
4.850630472337122967e-01,7.114245059529235027e-01,-5.737991665469506231e-01,3.367296334373701683e-01,8.129403763435449903e-01,-5.272721270512850111e-01,3.403453037060206188e-01,9.032869120406448182e-01,-4.023411965447660776e-01,3.503594507154555449e-01,9.210323923903218635e-01,-3.666594262681292515e-01,3.528610898386124184e-01,9.285658243183140259e-01,-3.570047570826907490e-01,3.375409346951845357e-01,9.899472429636499982e-01,-4.430745493211857844e-01,3.342815907045049162e-01,9.370938435352339502e-01,-3.561782547047811498e-01,3.472928564178348054e-01,9.307705633701334191e-01,-3.497167551272420405e-01,3.522339818090053365e-01,9.291723966920827360e-01,-3.524122698898549677e-01,3.535617387451553406e-01,9.291089090902894254e-01,-3.535496765339480874e-01
4.914202602015311228e-01,7.049233723977351707e-01,-5.790608718689269629e-01,3.435817161046242907e-01,8.048717096380684222e-01,-5.324151824039495828e-01,3.461161381405286064e-01,8.985917873477955453e-01,-4.078092414581652170e-01,3.563512140547966944e-01,9.138595687603768836e-01,-3.725429513920407443e-01,3.589705162016230133e-01,9.202510202407360174e-01,-3.630828829934100721e-01,3.447143394671686734e-01,9.780468946713325451e-01,-4.492184220928977512e-01,3.405623336825870928e-01,9.293517877350411238e-01,-3.623138061845815328e-01,3.533312119649895666e-01,9.234124083496545454e-01,-3.557442800369430835e-01,3.582281862924761584e-01,9.216999687493304672e-01,-3.584055059451187186e-01,3.595420160132202780e-01,9.215960870571079377e-01,-3.595301222187716750e-01
4.977774731693499488e-01,6.984222388425468386e-01,-5.843225771909034139e-01,3.504337987718783576e-01,7.968030429325916320e-01,-5.375582377566139325e-01,3.518869725750366495e-01,8.938966626549464944e-01,-4.132772863715643563e-01,3.623429773941378995e-01,9.066867451304319037e-01,-3.784264765159522925e-01,3.650799425646337193e-01,9.119362161631581198e-01,-3.691610089041293952e-01,3.519128717842093801e-01,9.661340855020514873e-01,-4.553805886063935215e-01,3.468885816970580516e-01,9.213515489816074266e-01,-3.684923282703735370e-01,3.594182686594845078e-01,9.156972122207429621e-01,-3.618202992339145108e-01,3.642720433069730479e-01,9.138758442818808447e-01,-3.644483814975681413e-01,3.655722053924176929e-01,9.137421902966441634e-01,-3.655604781743668763e-01
5.041346861371688304e-01,6.919211052873583956e-01,-5.895842825128798648e-01,3.572858814391324245e-01,7.887343762271148417e-01,-5.427012931092783932e-01,3.576578070095446926e-01,8.892015379620973325e-01,-4.187453312849634957e-01,3.683347407334791046e-01,8.995139215004869238e-01,-3.843100016398638408e-01,3.711893689276444253e-01,9.036214120855803333e-01,-3.752391348148487737e-01,3.591365316463063229e-01,9.542088154558071578e-01,-4.615610488616727625e-01,3.532603347479179590e-01,9.130931272749333028e-01,-3.747138209621572735e-01,3.655540265013199064e-01,9.076249749833991132e-01,-3.679448127181562667e-01,3.703655528524960605e-01,9.057000232897333136e-01,-3.705408965472034022e-01,3.716523068827475851e-01,9.055472188088977692e-01,-3.716407444007334693e-01
5.104918991049877119e-01,6.854199717321700636e-01,-5.948459878348562047e-01,3.641379641063864914e-01,7.806657095216383846e-01,-5.478443484619429649e-01,3.634286414440527357e-01,8.845064132692481706e-01,-4.242133761983626350e-01,3.743265040728203097e-01,8.923410978705419438e-01,-3.901935267637753890e-01,3.772987952906550202e-01,8.953066080080023248e-01,-3.813172607255681523e-01,3.663853190534597237e-01,9.422710845325993345e-01,-4.677598028587355294e-01,3.596775928351665930e-01,9.045765226150184191e-01,-3.809782842599325758e-01,3.717384854904955405e-01,8.991956966376228877e-01,-3.741178204896684067e-01,3.765087149290453072e-01,8.971725057728885400e-01,-3.766830510940245014e-01,3.777823204842101767e-01,8.970111725938695324e-01,-3.777709208978717870e-01
5.168491120728064825e-01,6.789188381769816205e-01,-6.001076931568326556e-01,3.709900467736405583e-01,7.725970428161614834e-01,-5.529874038146074255e-01,3.691994758785607789e-01,8.798112885763990088e-01,-4.296814211117618298e-01,3.803182674121614593e-01,8.851682742405968529e-01,-3.960770518876868818e-01,3.834082216536657262e-01,8.869918039304244273e-01,-3.873953866362874754e-01,3.736592340056698047e-01,9.303208927324284616e-01,-4.739768505975823221e-01,3.661403559588038981e-01,8.958017350018623315e-01,-3.872857181636994994e-01,3.779716456270114655e-01,8.904093771834138415e-01,-3.803393225484507645e-01,3.827015295366207881e-01,8.882932917313466348e-01,-3.828748451380313833e-01,3.839622461968049683e-01,8.881340516515582317e-01,-3.839510076657814408e-01
5.232063250406253641e-01,6.724177046217931775e-01,-6.053693984788089955e-01,3.778421294408946807e-01,7.645283761106849152e-01,-5.581304591672717752e-01,3.749703103130687665e-01,8.751161638835498469e-01,-4.351494660251609692e-01,3.863100307515026643e-01,8.779954506106518730e-01,-4.019605770115984300e-01,3.895176480166763766e-01,8.786769998528465297e-01,-3.934735125470067985e-01,3.809582765029364548e-01,9.183582400552942060e-01,-4.802121920782125852e-01,3.726486241188300963e-01,8.867687644354659282e-01,-3.936361226734581553e-01,3.842535069108677925e-01,8.812660166207725299e-01,-3.866093188945036729e-01,3.889439966752223365e-01,8.790623811651070429e-01,-3.891162786792240480e-01,3.901920840205324037e-01,8.789158559819648664e-01,-3.901810047044626528e-01
5.295635380084442456e-01,6.659165710666047344e-01,-6.106311038007854464e-01,3.846942121081488031e-01,7.564597094052082360e-01,-5.632735145199363469e-01,3.821769709775958423e-01,8.625846708055886491e-01,-4.416179153760947385e-01,3.929535103140671115e-01,8.667925033217822595e-01,-4.084354480944520360e-01,3.959430302031318183e-01,8.683348797138543684e-01,-3.998598418784339303e-01,3.882824465452592855e-01,9.063831265011963456e-01,-4.864658273006264300e-01,3.792023973152450211e-01,8.774776109158282100e-01,-4.000294977892082660e-01,3.906273437705889973e-01,8.711301368880465246e-01,-3.929606693017249630e-01,3.952414130651297208e-01,8.694255251206642887e-01,-3.954122274729814368e-01,3.964724805098432392e-01,8.693637746852672654e-01,-3.964615469121220426e-01
5.359207509762631272e-01,6.594154375114165134e-01,-6.158928091227617863e-01,3.915462947754028700e-01,7.483910426997315568e-01,-5.684165698726006966e-01,3.893836316421229182e-01,8.500531777276274514e-01,-4.480863647270285077e-01,3.995969898766315587e-01,8.555895560329127569e-01,-4.149103191773056420e-01,4.023684123895873155e-01,8.579927595748623181e-01,-4.062461712098611732e-01,3.956317441326388518e-01,8.943955520701356576e-01,-4.927377562648240783e-01,3.858016755480487836e-01,8.679282744429502872e-01,-4.064658435109501644e-01,3.970498295629985019e-01,8.607801118779663252e-01,-3.993604814747238607e-01,4.015884816333666896e-01,8.595110379445131121e-01,-4.017578136907302144e-01,4.028027849405801941e-01,8.595080001840054162e-01,-4.027920007032101957e-01
5.422779639440820088e-01,6.529143039562280704e-01,-6.211545144447382372e-01,3.983983774426568814e-01,7.403223759942547666e-01,-5.735596252252652683e-01,3.965902923066500496e-01,8.375216846496663647e-01,-4.545548140779623880e-01,4.062404694391960058e-01,8.443866087440434764e-01,-4.213851902601593591e-01,4.087937945760428127e-01,8.476506394358703789e-01,-4.126325005412884162e-01,4.030061692650747651e-01,8.823955167621111428e-01,-4.990279789708052527e-01,3.924464588172412172e-01,8.581207550168309384e-01,-4.129451598386835176e-01,4.035209642880965286e-01,8.502159415905317097e-01,-4.058087554135003661e-01,4.079852023799334093e-01,8.493189196366542904e-01,-4.081530373324707139e-01,4.091829973127434350e-01,8.493485324781796519e-01,-4.091723660777272231e-01
5.486351769119008903e-01,6.464131704010397383e-01,-6.264162197667146881e-01,4.052504601099110038e-01,7.322537092887781984e-01,-5.787026805779297289e-01,4.037969529711770700e-01,8.249901915717051670e-01,-4.610232634288961018e-01,4.128839490017604530e-01,8.331836614551738629e-01,-4.278600613430129096e-01,4.152191767624983099e-01,8.373085192968782176e-01,-4.190188298727155480e-01,4.104057219425671921e-01,8.703830205771234674e-01,-5.053364954185699531e-01,3.991367471228225439e-01,8.480550526374712739e-01,-4.194674467724086586e-01,4.100407479458829108e-01,8.394376260257426781e-01,-4.123054911180544790e-01,4.144315753048297690e-01,8.388491701970871572e-01,-4.145978983982028243e-01,4.156131176263325178e-01,8.388853715677890843e-01,-4.156026430356727919e-01
5.549923898797196609e-01,6.399120368458512953e-01,-6.316779250886910280e-01,4.121025427771650707e-01,7.241850425833014082e-01,-5.838457359305941896e-01,4.110036136357041459e-01,8.124586984937440803e-01,-4.674917127798299821e-01,4.195274285643249557e-01,8.219807141663043604e-01,-4.343349324258665711e-01,4.216445589489538071e-01,8.269663991578862783e-01,-4.254051592041427909e-01,4.178304021651161881e-01,8.583580635151726312e-01,-5.116633056081186792e-01,4.058725404647925417e-01,8.377311673048705165e-01,-4.260327043121253099e-01,4.166091805363580924e-01,8.284451651835996744e-01,-4.188506885883864772e-01,4.209276004080559352e-01,8.281017896258126010e-01,-4.210923968879266566e-01,4.220931458813479420e-01,8.281185174528346016e-01,-4.220828315770472350e-01
5.613496028475385424e-01,6.334109032906628522e-01,-6.369396304106674789e-01,4.189546254444191931e-01,7.161163758778246180e-01,-5.889887912832586503e-01,4.182102743002312772e-01,7.999272054157829936e-01,-4.739601621307638624e-01,4.261709081268894028e-01,8.107777668774349689e-01,-4.408098035087202327e-01,4.280699411354093598e-01,8.166242790188942280e-01,-4.317914885355700338e-01,4.252802099327215868e-01,8.463206455762581903e-01,-5.180084095394508203e-01,4.126538388431514881e-01,8.271490990190292214e-01,-4.326409324578337490e-01,4.232262620595214075e-01,8.172385590641019215e-01,-4.254443478244958610e-01,4.274732776896117414e-01,8.170767779228299554e-01,-4.276365328016420997e-01,4.286230820777894301e-01,8.170479701333155376e-01,-4.286129317018504414e-01
5.677068158153574240e-01,6.269097697354745202e-01,-6.422013357326439298e-01,4.258067081116732044e-01,7.080477091723480498e-01,-5.941318466359231110e-01,4.254169349647582976e-01,7.873957123378217959e-01,-4.804286114816975761e-01,4.328143876894539055e-01,7.995748195885654663e-01,-4.472846745915738387e-01,4.347318975735511293e-01,8.049596205074597277e-01,-4.384090288722179984e-01,4.327551452453835545e-01,8.342707667603805888e-01,-5.243718072125667096e-01,4.194806422578991612e-01,8.163088477799471665e-01,-4.392921312095337538e-01,4.298919925153733557e-01,8.058178076672501966e-01,-4.320864688263830744e-01,4.340686071494970766e-01,8.057741350881391096e-01,-4.342303061393490426e-01,4.352034046452638583e-01,8.056788649575489236e-01,-4.351934179162930127e-01
5.740640287831761945e-01,6.204086361802860772e-01,-6.474630410546202697e-01,4.326587907789273268e-01,6.999790424668712596e-01,-5.992749019885875716e-01,4.326235956292854290e-01,7.748642192598605982e-01,-4.868970608326314009e-01,4.394578672520184082e-01,7.883718722996959638e-01,-4.537595456744275557e-01,4.414727120955884709e-01,7.928541158718778181e-01,-4.451036395439396665e-01,4.402552081031019249e-01,8.222084270675394935e-01,-5.307534986274662359e-01,4.263529507090356163e-01,8.052104135876242408e-01,-4.459863005672254355e-01,4.366063719039136037e-01,7.941829109930438335e-01,-4.387770515940477845e-01,4.407135887877121072e-01,7.941938611217401744e-01,-4.408737169010474855e-01,4.418338032201677423e-01,7.940486655884144707e-01,-4.418239847959605227e-01
5.804212417509950761e-01,6.139075026250977452e-01,-6.527247463765966096e-01,4.395108734461813937e-01,6.919103757613946915e-01,-6.044179573412520323e-01,4.398302562938125604e-01,7.623327261818996226e-01,-4.933655101835652257e-01,4.461013468145828553e-01,7.771689250108263503e-01,-4.602344167572811062e-01,4.482135266176257016e-01,7.807486112362957975e-01,-4.517982502156612235e-01,4.477803985058769198e-01,8.101336264977352375e-01,-5.371534837841496213e-01,4.332707641965607426e-01,7.938537964420604442e-01,-4.527234405309086274e-01,4.433694002251424293e-01,7.823338690414836094e-01,-4.455160961274902687e-01,4.474082226042569999e-01,7.823359560236338162e-01,-4.475667650867378722e-01,4.485141195530321645e-01,7.821615012757724417e-01,-4.485044757311246744e-01
5.867784547188139577e-01,6.074063690699094131e-01,-6.579864516985731715e-01,4.463629561134354606e-01,6.838417090559179012e-01,-6.095610126939164930e-01,4.470369169583395808e-01,7.498012331039383138e-01,-4.998339595344989950e-01,4.527448263771473025e-01,7.659659777219569587e-01,-4.667092878401347678e-01,4.549543411396630432e-01,7.686431066007139989e-01,-4.584928608873829470e-01,4.553307164537081508e-01,7.980463650509677098e-01,-5.435717626826163107e-01,4.402340827204747065e-01,7.822389963432557769e-01,-4.595035511005834961e-01,4.501810774790597769e-01,7.702706818125688581e-01,-4.523036024267103605e-01,4.541525085991314215e-01,7.702004197938190355e-01,-4.543094506964196477e-01,4.552443536438573468e-01,7.700173720196231697e-01,-4.552348907217856344e-01
5.931356676866328392e-01,6.009052355147209701e-01,-6.632481570205495114e-01,4.532150387806895830e-01,6.757730423504413331e-01,-6.147040680465809537e-01,4.542435776228667121e-01,7.372697400259772271e-01,-5.063024088854328753e-01,4.593883059397118052e-01,7.547630304330874562e-01,-4.731841589229883738e-01,4.616951556617003294e-01,7.565376019651320894e-01,-4.651874715591046705e-01,4.629061619465961175e-01,7.859466427272369105e-01,-5.500083353228669703e-01,4.472429062807773970e-01,7.703660132912103498e-01,-4.663266322762499305e-01,4.570414036656654799e-01,7.579933493062998018e-01,-4.591395704917081155e-01,4.609464467723355385e-01,7.577872524322964987e-01,-4.611017737300930897e-01,4.620245054926428452e-01,7.576162778199659886e-01,-4.620152297679429032e-01
5.994928806544516098e-01,5.944041019595325270e-01,-6.685098623425258513e-01,4.600671214479435944e-01,6.677043756449645429e-01,-6.198471233992454144e-01,4.614502382873937325e-01,7.247382469480161404e-01,-5.127708582363665890e-01,4.660317855022763078e-01,7.435600831442180647e-01,-4.796590300058420908e-01,4.684359701837376710e-01,7.444320973295502908e-01,-4.718820822308262830e-01,4.705067349845403757e-01,7.738344595265422843e-01,-5.564632017049010448e-01,4.542972348774689806e-01,7.582348472859241628e-01,-4.731926840579080973e-01,4.639503787849598160e-01,7.455018715226766624e-01,-4.660240003224835892e-01,4.677900371238694066e-01,7.450964539390659835e-01,-4.679437341877581980e-01,4.688545750993888817e-01,7.449582186768013425e-01,-4.688454928695967583e-01
6.058500936222706024e-01,5.879029684043441950e-01,-6.737715676645024132e-01,4.669192041151977168e-01,6.596357089394877526e-01,-6.249901787519098750e-01,4.686568989519208639e-01,7.122067538700549427e-01,-5.192393075873004138e-01,4.729964961953894154e-01,7.309298277884080930e-01,-4.864302799491918017e-01,4.753341767730374090e-01,7.316061519629274423e-01,-4.787308875233370342e-01,4.781324355675412585e-01,7.617098154488848305e-01,-5.629363618287187565e-01,4.613970685105492908e-01,7.458454983273973271e-01,-4.801017064455578853e-01,4.709080028369425075e-01,7.327962484616988847e-01,-4.729568919190366150e-01,4.746858868144793187e-01,7.321035737466937698e-01,-4.748377516899823791e-01,4.757348984603441133e-01,7.320453732221589016e-01,-4.757260025618773591e-01
6.122073065900892619e-01,5.814018348491558630e-01,-6.790332729864786421e-01,4.737712867824518392e-01,6.515670422340111845e-01,-6.301332341045743357e-01,4.758635596164479398e-01,6.996752607920939671e-01,-5.257077569382342386e-01,4.802824380190514053e-01,7.168722643656577631e-01,-4.934979087530377839e-01,4.823897754295995988e-01,7.180597658652637660e-01,-4.857338874366368131e-01,4.857832636955985439e-01,7.495727104942638830e-01,-5.694278156943204383e-01,4.685424071800184387e-01,7.331979664156296206e-01,-4.870536994391992947e-01,4.779142758216137210e-01,7.198764801233670241e-01,-4.799382452813673594e-01,4.816339960092281269e-01,7.188919493832636176e-01,-4.817838287753081761e-01,4.826654735676176866e-01,7.189197974706887928e-01,-4.826567483504136113e-01
6.185645195579081435e-01,5.749007012939674199e-01,-6.842949783084550930e-01,4.806233694497059061e-01,6.434983755285345053e-01,-6.352762894572389074e-01,4.830702202809750156e-01,6.871437677141327693e-01,-5.321762062891681744e-01,4.875683798427132842e-01,7.028147009429076553e-01,-5.005655375568835996e-01,4.894453740861618440e-01,7.045133797676003118e-01,-4.927368873499367030e-01,4.934592193687123429e-01,7.374231446626795528e-01,-5.759375633017055351e-01,4.757332508858763132e-01,7.202922515506210432e-01,-4.940486630388323253e-01,4.849691977389733455e-01,7.067425665076806363e-01,-4.869680604094757670e-01,4.886317576023908038e-01,7.055138105922383884e-01,-4.887795466693495294e-01,4.896459637556648814e-01,7.055933314619117214e-01,-4.896374042019528972e-01
6.249217325257269140e-01,5.683995677387790879e-01,-6.895566836304313219e-01,4.874754521169598065e-01,6.354297088230579371e-01,-6.404193448099032571e-01,4.902768809455019250e-01,6.746122746361719047e-01,-5.386446556401017771e-01,4.948543216663751632e-01,6.887571375201577695e-01,-5.076331663607294153e-01,4.965009727427239228e-01,6.909669936699371906e-01,-4.997398872632364264e-01,5.011603025868824890e-01,7.252611179541322839e-01,-5.824656046508742691e-01,4.829695996281228032e-01,7.071283537323721502e-01,-5.010865972444566996e-01,4.920727685890212699e-01,6.933945076146404984e-01,-4.940463373033616157e-01,4.956791715939670717e-01,6.919691573736179713e-01,-4.958249053721061061e-01,4.966763690244856422e-01,6.920659751958282424e-01,-4.966679701164948835e-01
6.312789454935456845e-01,5.618984341835907559e-01,-6.948183889524077728e-01,4.943275347842138734e-01,6.273610421175812579e-01,-6.455624001625677177e-01,4.974835416100290009e-01,6.620807815582108180e-01,-5.451131049910354909e-01,5.021402634900370421e-01,6.746995740974074396e-01,-5.147007951645754531e-01,5.035565713992861125e-01,6.774206075722735143e-01,-5.067428871765362608e-01,5.088865133501091487e-01,7.130866303686211882e-01,-5.890119397418265290e-01,4.902514534067582419e-01,6.937062729608819422e-01,-5.081675020560729727e-01,4.992249883717578274e-01,6.798323034442457224e-01,-5.011730759630252940e-01,5.027762379839570972e-01,6.782579897274018110e-01,-5.029199048835781838e-01,5.037566893740804685e-01,6.783377286724382449e-01,-5.037484460940403475e-01
6.376361584613646771e-01,5.553973006284025349e-01,-7.000800942743842237e-01,5.011796174514679958e-01,6.192923754121045787e-01,-6.507054555152321784e-01,5.046902022745560767e-01,6.495492884802496203e-01,-5.515815543419693157e-01,5.094262053136990875e-01,6.606420106746573317e-01,-5.217684239684213798e-01,5.106121700558483578e-01,6.638742214746099490e-01,-5.137458870898361507e-01,5.166378516583925995e-01,7.008996819061470429e-01,-5.955765685745628701e-01,4.975788122217825182e-01,6.800260092361510855e-01,-5.152913774736809227e-01,5.064258570871829068e-01,6.660559539964964193e-01,-5.083482763884665800e-01,5.099229567723609913e-01,6.643803076535902408e-01,-5.100645452037657623e-01,5.108869248044487499e-01,6.644085918917416178e-01,-5.108788321345885119e-01
6.439933714291834477e-01,5.488961670732139808e-01,-7.053417995963604525e-01,5.080317001187220072e-01,6.112237087066277885e-01,-6.558485108678965281e-01,5.118968629390832081e-01,6.370177954022885336e-01,-5.580500036929032515e-01,5.167121471373609110e-01,6.465844472519070019e-01,-5.288360527722673066e-01,5.177462446513034777e-01,6.500629070009877886e-01,-5.208260470919003904e-01,5.244143175117322864e-01,6.887002725667095149e-01,-6.021594911490826263e-01,5.049516760731955767e-01,6.660875625581793580e-01,-5.224582234972805495e-01,5.136753747352962307e-01,6.520654592713930331e-01,-5.155719385796854182e-01,5.171193279591784764e-01,6.503361111521830384e-01,-5.172588263326685087e-01,5.180672391732434878e-01,6.502784887860132423e-01,-5.180592811580922996e-01
6.503505843970023292e-01,5.423950335180256488e-01,-7.106035049183370145e-01,5.148837827859761296e-01,6.031550420011511093e-01,-6.609915662205610998e-01,5.191035236036103395e-01,6.244863023243272249e-01,-5.645184530438369652e-01,5.239980889610228454e-01,6.325268838291566720e-01,-5.359036815761131223e-01,5.251157470634373325e-01,6.354568073994901756e-01,-5.281376873602580124e-01,5.322159109101284313e-01,6.764884023503086041e-01,-6.087607074653860195e-01,5.123700449609971397e-01,6.518909329269668707e-01,-5.296680401268716309e-01,5.209735413160984097e-01,6.378608192689353418e-01,-5.228440625366822525e-01,5.243653515444097746e-01,6.361254002231806481e-01,-5.245027482702867561e-01,5.252979497740191128e-01,6.359881558899247445e-01,-5.252901015007761520e-01
6.567077973648212108e-01,5.358938999628373168e-01,-7.158652102403134654e-01,5.217358654532301410e-01,5.950863752956744301e-01,-6.661346215732255605e-01,5.263101842681373599e-01,6.119548092463662492e-01,-5.709869023947707900e-01,5.312840307846847798e-01,6.184693204064064531e-01,-5.429713103799591600e-01,5.324852494755711874e-01,6.208507077979925626e-01,-5.354493276286155234e-01,5.400426318535811454e-01,6.642640712569443107e-01,-6.153802175234731608e-01,5.198339188851878179e-01,6.374361203425136235e-01,-5.369208273624545003e-01,5.283203568295886665e-01,6.234420339891232343e-01,-5.301646482594564169e-01,5.316610275280548858e-01,6.217481748665827368e-01,-5.317963110166205043e-01,5.325785587807683186e-01,6.215623546087247764e-01,-5.325708359005747461e-01
6.630650103326399813e-01,5.293927664076487627e-01,-7.211269155622896943e-01,5.285879481204842634e-01,5.870177085901977510e-01,-6.712776769258900211e-01,5.335168449326644913e-01,5.994233161684050515e-01,-5.774553517457046148e-01,5.385699726083467143e-01,6.044117569836562343e-01,-5.500389391838049757e-01,5.398547518877051532e-01,6.062446081964949496e-01,-5.427609678969731455e-01,5.478944803420904286e-01,6.520272792866167455e-01,-6.220180213233438282e-01,5.273432978457670561e-01,6.227231248048196166e-01,-5.442165852040289353e-01,5.357158212757675564e-01,6.088091034319569328e-01,-5.375336957480083555e-01,5.390063559101135882e-01,6.072044350823893044e-01,-5.391395145716695314e-01,5.399090661934905500e-01,6.070010849424130051e-01,-5.399014843574877487e-01
6.694222233004588629e-01,5.228916328524604307e-01,-7.263886208842662562e-01,5.354400307877384968e-01,5.789490418847209607e-01,-6.764207322785545928e-01,5.407235055971915116e-01,5.868918230904439648e-01,-5.839238010966383285e-01,5.458559144320087597e-01,5.903541935609060154e-01,-5.571065679876510135e-01,5.472242542998388970e-01,5.916385085949973366e-01,-5.500726081653306565e-01,5.557714563756561699e-01,6.397780264393257976e-01,-6.286741188649983547e-01,5.348981818427354096e-01,6.077519463138847389e-01,-5.515553136515951582e-01,5.431599346546349683e-01,5.939620275974362151e-01,-5.449512050023378462e-01,5.464013366905859925e-01,5.924941808706004620e-01,-5.465323589354341705e-01,5.472894720121864731e-01,5.923043468909898746e-01,-5.472820468715157149e-01
6.757794362682777445e-01,5.163904992972722097e-01,-7.316503262062425961e-01,5.422921134549923972e-01,5.708803751792442815e-01,-6.815637876312189425e-01,5.479301662617186430e-01,5.743603300124828781e-01,-5.903922504475722643e-01,5.531418562556706942e-01,5.762966301381557965e-01,-5.641741967914968292e-01,5.545937567119728628e-01,5.770324089934997236e-01,-5.573842484336882785e-01,5.636735599542782582e-01,6.275163127150715781e-01,-6.353485101484364073e-01,5.424985708760922121e-01,5.925225848697088793e-01,-5.589370127051527248e-01,5.506526969661909021e-01,5.789008064855613034e-01,-5.524171760224453331e-01,5.538459698694723210e-01,5.776174122312162096e-01,-5.539748441079139774e-01,5.547197762368555329e-01,5.774721404544549408e-01,-5.547125234426578677e-01
6.821366492360966260e-01,5.098893657420837666e-01,-7.369120315282190470e-01,5.491441961222465196e-01,5.628117084737676024e-01,-6.867068429838834032e-01,5.551368269262456634e-01,5.618288369345216804e-01,-5.968606997985059781e-01,5.604277980793326286e-01,5.622390667154055777e-01,-5.712418255953428670e-01,5.619632591241068287e-01,5.624263093920021106e-01,-5.646958887020459006e-01,5.716007910779570267e-01,6.152421381138540868e-01,-6.420411951736582079e-01,5.501444649458379077e-01,5.770350404722927040e-01,-5.663616823647020793e-01,5.581941082104351359e-01,5.636254400963320865e-01,-5.599316088083300391e-01,5.613402554467722405e-01,5.625741291642365471e-01,-5.614669700891092852e-01,5.621999788674979515e-01,5.625044656328084258e-01,-5.621929140709149841e-01
6.884938622039155076e-01,5.033882321868953236e-01,-7.421737368501954979e-01,5.581612945690036520e-01,5.525517304948307507e-01,-6.929726884934077624e-01,5.635974350112959996e-01,5.471241940976624418e-01,-6.043633638212128067e-01,5.683412447059423833e-01,5.469712479576833708e-01,-5.789061348427227971e-01,5.696456533866625094e-01,5.472001239396814265e-01,-5.723164299378719067e-01,5.795531497466921422e-01,6.029555026356732128e-01,-6.487521739406635346e-01,5.581046370475940543e-01,5.585915410178218243e-01,-5.739924313894231300e-01,5.658239542794484267e-01,5.478418737434218588e-01,-5.675275084952737803e-01,5.688893313602336743e-01,5.473818493275770525e-01,-5.690136038640409843e-01,5.697307287744197701e-01,5.474315810335330656e-01,-5.697238692855615128e-01
6.948510751717343892e-01,4.968870986317069915e-01,-7.474354421721718378e-01,5.671783930157607845e-01,5.422917525158940100e-01,-6.992385340029322327e-01,5.720580430963463359e-01,5.324195512608032033e-01,-6.118660278439195244e-01,5.762546913325522491e-01,5.317034291999611639e-01,-5.865704440901028383e-01,5.773280476492184121e-01,5.319739384873607424e-01,-5.799369711736980237e-01,5.875306359604838269e-01,5.906564062805289561e-01,-6.554814464494524984e-01,5.661071299683688718e-01,5.404046224693729306e-01,-5.816657085282099793e-01,5.735023642199491567e-01,5.321303720258612202e-01,-5.751718977206631278e-01,5.764880641386260773e-01,5.321712464935074438e-01,-5.766098865647172333e-01,5.773113968316108124e-01,5.322979990207660217e-01,-5.773047490945900639e-01
7.012082881395531597e-01,4.903859650765185485e-01,-7.526971474941481777e-01,5.761954914625181390e-01,5.320317745369571583e-01,-7.055043795124568140e-01,5.805186511813967831e-01,5.177149084239440757e-01,-6.193686918666264640e-01,5.841681379591622258e-01,5.164356104422391791e-01,-5.942347533374829904e-01,5.850104419117743149e-01,5.167477530350401693e-01,-5.875575124095240298e-01,5.955332497193318586e-01,5.783448490484214277e-01,-6.622290127000252102e-01,5.741519437081623600e-01,5.224742848269460227e-01,-5.893815137810629601e-01,5.812293380319378810e-01,5.164909349436503927e-01,-5.828647764844986368e-01,5.841364537819500047e-01,5.169423206620277211e-01,-5.842558181911384763e-01,5.849419830390713004e-01,5.171037195945077380e-01,-5.849355534980006377e-01
7.075655011073720413e-01,4.838848315213301610e-01,-7.579588528161246286e-01,5.852125899092751604e-01,5.217717965580203066e-01,-7.117702250219811733e-01,5.889792592664470083e-01,5.030102655870848372e-01,-6.268713558893332927e-01,5.920815845857720916e-01,5.011677916845169722e-01,-6.018990625848629206e-01,5.926928361743302176e-01,5.015215675827197073e-01,-5.951780536453502579e-01,6.035609910232365705e-01,5.660208309393506276e-01,-6.689948726923817812e-01,5.822390782669750742e-01,5.048005280905414338e-01,-5.971398471479822945e-01,5.890048757154143777e-01,5.009235624967891543e-01,-5.906061447867799741e-01,5.918345002902055674e-01,5.016950718331381065e-01,-5.919513987433050461e-01,5.926224873968007900e-01,5.018487427547576596e-01,-5.926162824957933450e-01
7.139227140751908118e-01,4.773836979661417179e-01,-7.632205581381010795e-01,5.942296883560322929e-01,5.115118185790834548e-01,-7.180360705315054215e-01,5.974398673514973446e-01,4.883056227502257096e-01,-6.343740199120400103e-01,5.999950312123818463e-01,4.858999729267948209e-01,-6.095633718322428507e-01,6.003752304368858983e-01,4.862953821303990232e-01,-6.027985948811763750e-01,6.116138598721976294e-01,5.536843519533163338e-01,-6.757790264265216562e-01,5.903685336448064591e-01,4.873833522601587753e-01,-6.049407086289675384e-01,5.968289772703790907e-01,4.854282546852775604e-01,-5.983960026275078059e-01,5.995822036633924323e-01,4.864295000068384889e-01,-5.996966282212164989e-01,6.003529099047998363e-01,4.865330685015161749e-01,-6.003469360879681860e-01
7.202799270430098044e-01,4.708825644109533859e-01,-7.684822634600774194e-01,6.032467868027895364e-01,5.012518406001467142e-01,-7.243019160410300028e-01,6.059004754365477918e-01,4.736009799133665821e-01,-6.418766839347469499e-01,6.079084778389918231e-01,4.706321541690726695e-01,-6.172276810796228919e-01,6.080576246994419121e-01,4.710691966780785056e-01,-6.104191361170026031e-01,6.196918562662151464e-01,5.413354120903187683e-01,-6.825814739024452793e-01,5.985403098416568479e-01,4.702227573357982138e-01,-6.127840982240191359e-01,6.047016426968313541e-01,4.700050115091155556e-01,-6.062343500066812441e-01,6.073795639015108216e-01,4.711456051831287017e-01,-6.074915066248728346e-01,6.081332505630681062e-01,4.711566968347831175e-01,-6.081275142745249385e-01
7.266371400108286860e-01,4.643814308557650539e-01,-7.737439687820538703e-01,6.122638852495467798e-01,4.909918626212098069e-01,-7.305677615505543621e-01,6.143610835215980170e-01,4.588963370765073435e-01,-6.493793479574536676e-01,6.158219244656016889e-01,4.553643354113505737e-01,-6.248919903270029330e-01,6.159737422097433246e-01,4.557516277158286111e-01,-6.182716392274865136e-01,6.277949802052892325e-01,5.289740113503579311e-01,-6.894022151201526505e-01,6.067544068575259075e-01,4.533187433174596381e-01,-6.206700159331366429e-01,6.126228719947719448e-01,4.546538329683033064e-01,-6.141211869243011767e-01,6.152265810045605132e-01,4.558433873620090782e-01,-6.153360339542742752e-01,6.159640244548779675e-01,4.557390723212771388e-01,-6.159584875029811002e-01
7.329943529786473455e-01,4.578802973005766663e-01,-7.790056741040302102e-01,6.212809836963038013e-01,4.807318846422729552e-01,-7.368336070600787213e-01,6.228216916066483533e-01,4.441916942396482160e-01,-6.568820119801604962e-01,6.237353710922115546e-01,4.400965166536284778e-01,-6.325562995743830852e-01,6.239677674692934994e-01,4.404035975836022576e-01,-6.262014629628567253e-01,6.359232316894198878e-01,5.166001497334338222e-01,-6.962412500796438808e-01,6.150108246924143041e-01,4.366713102051431039e-01,-6.285984617563207255e-01,6.205926651641999747e-01,4.393747190628405908e-01,-6.220565133803667157e-01,6.231232549725415071e-01,4.405228465434792295e-01,-6.232302102094202656e-01,6.238448929080245842e-01,4.403408395512570239e-01,-6.238395080611487398e-01
7.393515659464662271e-01,4.513791637453882233e-01,-7.842673794260066611e-01,6.302980821430610447e-01,4.704719066633362146e-01,-7.430994525696033026e-01,6.312822996916988005e-01,4.294870514027891439e-01,-6.643846760028674359e-01,6.316488177188214204e-01,4.248286978959062710e-01,-6.402206088217630153e-01,6.319617927288435633e-01,4.250555674513758486e-01,-6.341312866982267149e-01,6.440766107186070011e-01,5.042138272395464416e-01,-7.030985787809186371e-01,6.233095633463215934e-01,4.202804579988488887e-01,-6.365694356935708287e-01,6.286110222051163321e-01,4.241676697927275197e-01,-6.300403293748785272e-01,6.310695858054541363e-01,4.251839827275393779e-01,-6.311740353903116940e-01,6.317756849018898446e-01,4.249660323788742033e-01,-6.317704142645443888e-01
7.457087789142851086e-01,4.448780301901998913e-01,-7.895290847479830010e-01,6.393151805898181772e-01,4.602119286843993073e-01,-7.493652980791276619e-01,6.397429077767490258e-01,4.147824085659298499e-01,-6.718873400255741535e-01,6.395622643454312861e-01,4.095608791381841751e-01,-6.478849180691431675e-01,6.399558179883937381e-01,4.097075373191495506e-01,-6.420611104335969266e-01,6.522551172928503505e-01,4.918150438686953452e-01,-7.099742012239766975e-01,6.316506228192475536e-01,4.041461866985765483e-01,-6.445829377448870634e-01,6.366779431175203507e-01,4.090326851579641487e-01,-6.380726349078363890e-01,6.390655735032980678e-01,4.098267959141895234e-01,-6.391675094969478943e-01,6.397564004364739709e-01,4.096146508041289547e-01,-6.397512061131682692e-01
7.520659918821039902e-01,4.383768966350115037e-01,-7.947907900699595629e-01,6.483322790365753097e-01,4.499519507054624556e-01,-7.556311435886521322e-01,6.482035158617993620e-01,4.000777657290707223e-01,-6.793900040482809821e-01,6.474757109720411519e-01,3.942930603804620793e-01,-6.555492273165230976e-01,6.479498432479440240e-01,3.943595071869232527e-01,-6.499909341689670272e-01,6.604587514121503800e-01,4.794037996208811991e-01,-7.168681174088187280e-01,6.400340031111924066e-01,3.882684963043263049e-01,-6.526389679102693187e-01,6.447934279014124748e-01,3.939697651585504778e-01,-6.461534299792403013e-01,6.471112180660736346e-01,3.944512861034296103e-01,-6.472106325293290885e-01,6.477870395117765190e-01,3.942866948270209448e-01,-6.477818836070201591e-01
7.584232048499228718e-01,4.318757630798230607e-01,-8.000524953919359028e-01,6.573493774833325531e-01,4.396919727265256594e-01,-7.618969890981766024e-01,6.566641239468498092e-01,3.853731228922114838e-01,-6.868926680709878108e-01,6.553891575986511286e-01,3.790252416227399834e-01,-6.632135365639032498e-01,6.559438685074940878e-01,3.790114770546968992e-01,-6.579207579043372389e-01,6.686875130765069786e-01,4.669800944961038369e-01,-7.237803273354445066e-01,6.484597042221558194e-01,3.726473868160979364e-01,-6.607375261897175944e-01,6.529574765567922601e-01,3.789789097944863405e-01,-6.542827145890902640e-01,6.552065194937803927e-01,3.790574532952596387e-01,-6.553034044874552766e-01,6.558676021277977108e-01,3.789821644475502849e-01,-6.558624467461000584e-01
7.647804178177416423e-01,4.253746295246347287e-01,-8.053142007139122427e-01,6.663664759300896856e-01,4.294319947475888077e-01,-7.681628346077009617e-01,6.651247320319000345e-01,3.706684800553523562e-01,-6.943953320936946394e-01,6.636056656910850338e-01,3.642078423707909574e-01,-6.711791559820994291e-01,6.640929956736606465e-01,3.638808596359874303e-01,-6.660054098741068351e-01,6.769414022859200353e-01,4.545439284943629810e-01,-7.307108310038539223e-01,6.569277261521387912e-01,3.572828582338918868e-01,-6.688786125832323348e-01,6.611700890836600397e-01,3.640601190657718478e-01,-6.624604887373861661e-01,6.633540110548467039e-01,3.636527981122498754e-01,-6.634482852016733156e-01,6.639984016202291617e-01,3.637107680536313947e-01,-6.639932157201550167e-01
7.711376307855605239e-01,4.188734959694462856e-01,-8.105759060358886936e-01,6.753835743768468181e-01,4.191720167686519560e-01,-7.744286801172253210e-01,6.735853401169504817e-01,3.559638372184931732e-01,-7.018979961164014680e-01,6.721252352493432003e-01,3.498408626246152786e-01,-6.794460855711121905e-01,6.723972247464433671e-01,3.489676549307947351e-01,-6.742448900782755938e-01,6.852204190403894390e-01,4.420953016156589088e-01,-7.376596284140468640e-01,6.654380689011403227e-01,3.421749105577076566e-01,-6.770622270908132068e-01,6.694312654820159247e-01,3.492133929724070551e-01,-6.706867524241283407e-01,6.715536904376591121e-01,3.483762942555058695e-01,-6.716452790243699900e-01,6.721794208795488501e-01,3.485426069734907650e-01,-6.721742254425429053e-01
7.774948437533794054e-01,4.123723624142578981e-01,-8.158376113578651445e-01,6.844006728236040615e-01,4.089120387897151598e-01,-7.806945256267497912e-01,6.820459482020008180e-01,3.412591943816339901e-01,-7.094006601391082967e-01,6.806448048076012558e-01,3.354738828784394888e-01,-6.877130151601249519e-01,6.807014538192261988e-01,3.340544502256021508e-01,-6.824843702824445746e-01,6.935245633399154119e-01,4.296342138599912874e-01,-7.446267195660234428e-01,6.739907324691607471e-01,3.273235437875455789e-01,-6.852883697124602103e-01,6.777410057518594710e-01,3.344387315143917960e-01,-6.789615056493163436e-01,6.798030236032523987e-01,3.332667656694934255e-01,-6.798919275759948144e-01,6.804103408668915609e-01,3.334913399286231761e-01,-6.804051673613035200e-01
7.838520567211982870e-01,4.058712288590695660e-01,-8.210993166798414844e-01,6.934177712703611940e-01,3.986520608107783081e-01,-7.869603711362742615e-01,6.905065562870511542e-01,3.265545515447748071e-01,-7.169033241618150143e-01,6.891643743658595334e-01,3.211069031322638656e-01,-6.959799447491377133e-01,6.890056828920090304e-01,3.191412455204095666e-01,-6.907238504866135553e-01,7.018538351844980649e-01,4.171606652273606164e-01,-7.516121044597838807e-01,6.825857168562000643e-01,3.127287579234055981e-01,-6.935570404481732343e-01,6.860993098931909007e-01,3.197361346917263480e-01,-6.872847484129503970e-01,6.881020105516265639e-01,3.183242123542123769e-01,-6.881882308565479001e-01,6.886911615822574051e-01,3.185569669190289610e-01,-6.886860414764366389e-01
7.902092696890170576e-01,3.993700953038813450e-01,-8.263610220018178243e-01,7.024348697171182154e-01,3.883920828318417895e-01,-7.932262166457986208e-01,6.989671643721011574e-01,3.118499087079159571e-01,-7.244059881845217319e-01,6.976839439241173668e-01,3.067399233860884089e-01,-7.042468743381502527e-01,6.973099119647917510e-01,3.042280408152172599e-01,-6.989633306907823140e-01,7.102082345741366209e-01,4.046746557177665071e-01,-7.586157830953274006e-01,6.912230220622584964e-01,2.983905529652880473e-01,-7.018682392979526119e-01,6.945061779060104357e-01,3.051056025044108222e-01,-6.956564807150305008e-01,6.964506512827813856e-01,3.035486343096630568e-01,-6.965341888660290248e-01,6.970218830256464937e-01,3.037394879447082308e-01,-6.970168477879424840e-01
7.965664826568357171e-01,3.928689617486929020e-01,-8.316227273237941642e-01,7.114519681638753479e-01,3.781321048529048823e-01,-7.994920621553229800e-01,7.074277724571516046e-01,2.971452658710568295e-01,-7.319086522072285605e-01,7.062035134823756444e-01,2.923729436399127857e-01,-7.125138039271630142e-01,7.056141410375744716e-01,2.893148361100246202e-01,-7.072028108949511838e-01,7.185877615088320791e-01,3.921761853312091817e-01,-7.656377554726551127e-01,6.999026480873354883e-01,2.843089289131922048e-01,-7.102219662617978990e-01,7.029616097903176319e-01,2.905471349524445523e-01,-7.040767025555566549e-01,7.048489457967174188e-01,2.889400315358448545e-01,-7.049298016044385218e-01,7.054025051970590487e-01,2.890389030056605413e-01,-7.053975862958214993e-01
8.029236956246545986e-01,3.863678281935044589e-01,-8.368844326457705041e-01,7.204690666106324803e-01,3.678721268739680306e-01,-8.057579076648473393e-01,7.158883805422020519e-01,2.824406230341976465e-01,-7.394113162299353892e-01,7.147230830406336999e-01,2.780059638937369959e-01,-7.207807335161756646e-01,7.139954907650742921e-01,2.746641334151438962e-01,-7.155198240455340475e-01,7.269924159885839954e-01,3.796652540676883625e-01,-7.726780215917663508e-01,7.086245949314317061e-01,2.704838857671183483e-01,-7.186182213397096508e-01,7.114656055461129336e-01,2.760607320358279271e-01,-7.125454139345289706e-01,7.132968940934338864e-01,2.744984040327579367e-01,-7.133750690717758358e-01,7.138331690809023300e-01,2.744578896852435390e-01,-7.138284139762416380e-01
8.092809085924735912e-01,3.798666946383161269e-01,-8.421461379677470660e-01,7.294861650573897238e-01,3.576121488950312899e-01,-8.120237531743719206e-01,7.243489886272522771e-01,2.677359801973384634e-01,-7.469139802526422178e-01,7.232426525988917554e-01,2.636389841475612617e-01,-7.290476631051883150e-01,7.226082024567250794e-01,2.608009367511989751e-01,-7.240694360353587822e-01,7.354221980133923697e-01,3.671418619272042716e-01,-7.797365814526612260e-01,7.173888625945467057e-01,2.569154235270666442e-01,-7.270570045316874230e-01,7.200181651733962296e-01,2.616463937545608909e-01,-7.210626148519473366e-01,7.217944961729316766e-01,2.602237518004026362e-01,-7.218699912680417441e-01,7.223141587262685848e-01,2.600660713399219337e-01,-7.223096354077563896e-01
8.156381215602923618e-01,3.733655610831277949e-01,-8.474078432897234059e-01,7.385032635041468563e-01,3.473521709160944382e-01,-8.182895986838962799e-01,7.328095967123027243e-01,2.530313373604793359e-01,-7.544166442753490465e-01,7.317622221571500329e-01,2.492720044013855552e-01,-7.373145926942010764e-01,7.312209141483758668e-01,2.469377400872539985e-01,-7.326190480251835169e-01,7.438771075832573132e-01,3.546060089097567425e-01,-7.868134350553399603e-01,7.261954510766804871e-01,2.436035421930369260e-01,-7.355383158377312158e-01,7.286192886721671869e-01,2.473041201086435270e-01,-7.296283053078117531e-01,7.303417520352101233e-01,2.461160748387786479e-01,-7.304145681932355805e-01,7.308450524281026039e-01,2.458939761334722751e-01,-7.308407740375920669e-01
8.219953345281112433e-01,3.668644275279393518e-01,-8.526695486116998568e-01,7.475203619509038777e-01,3.370921929371574755e-01,-8.245554441934206391e-01,7.412702047973529496e-01,2.383266945236200973e-01,-7.619193082980558751e-01,7.402817917154081995e-01,2.349050246552098764e-01,-7.455815222832138378e-01,7.398336258400267651e-01,2.330745434233091051e-01,-7.411686600150082516e-01,7.523571446981786037e-01,3.420576950153458862e-01,-7.939085823998021096e-01,7.350443603778332724e-01,2.305482417650293325e-01,-7.440621552578414732e-01,7.372689760424262495e-01,2.330339110980759465e-01,-7.382424853021222200e-01,7.389386616802692265e-01,2.321753731478860272e-01,-7.390087998473574560e-01,7.394258501864040545e-01,2.319416040658946188e-01,-7.394218298657485589e-01
8.283525474959301249e-01,3.603632939727510198e-01,-8.579312539336761967e-01,7.565374603976612322e-01,3.268322149582207903e-01,-8.308212897029452204e-01,7.497308128824033968e-01,2.236220516867609420e-01,-7.694219723207627037e-01,7.488013612736663660e-01,2.205380449090341699e-01,-7.538484518722264882e-01,7.484463375316775524e-01,2.192113467593641563e-01,-7.497182720048329863e-01,7.608623093581565744e-01,3.294969202439719802e-01,-8.010220234860481181e-01,7.439355904980051726e-01,2.177495222430437527e-01,-7.526285227920178622e-01,7.459672272841730845e-01,2.188357667228578995e-01,-7.469051548348786262e-01,7.475852251081093192e-01,2.184016467277247742e-01,-7.476526862304075927e-01,7.480565520011733804e-01,2.182089551371889924e-01,-7.480528028922263095e-01
8.347097604637488955e-01,3.538621604175625768e-01,-8.631929592556526476e-01,7.655545588444183647e-01,3.165722369792838831e-01,-8.370871352124695797e-01,7.581914209674537330e-01,2.089174088499017590e-01,-7.769246363434695324e-01,7.573209308319244215e-01,2.061710651628584356e-01,-7.621153814612392496e-01,7.570590492233283397e-01,2.053481500954192351e-01,-7.582678839946578320e-01,7.693926015631907811e-01,3.169236845956344695e-01,-8.081537583140775416e-01,7.528691414371956325e-01,2.052073836270801865e-01,-7.612374184402602717e-01,7.547140423974081358e-01,2.047096869829894694e-01,-7.556163139060813050e-01,7.562814423187304014e-01,2.047948955782950553e-01,-7.563462273423859905e-01,7.567371578724101377e-01,2.046960293473552017e-01,-7.567336931170244307e-01
8.410669734315677770e-01,3.473610268623742448e-01,-8.684546645776289875e-01,7.745716572911754971e-01,3.063122590003470869e-01,-8.433529807219939389e-01,7.666520290525040693e-01,1.942127660130426037e-01,-7.844273003661763610e-01,7.658405003901825880e-01,1.918040854166827014e-01,-7.703823110502520111e-01,7.656717609149792381e-01,1.914849534314742863e-01,-7.668174959844825667e-01,7.779480213132816679e-01,3.043379880703336315e-01,-8.153037868838908242e-01,7.618450131954053184e-01,1.929218259171387728e-01,-7.698888422025689238e-01,7.635094213821307374e-01,1.906556718784707671e-01,-7.643759625157297011e-01,7.650273133121322511e-01,1.913551196995967041e-01,-7.650894231832924275e-01,7.654676678001146595e-01,1.914028266963934133e-01,-7.654645005401434776e-01
8.474241863993866586e-01,3.408598933071858017e-01,-8.737163698996054384e-01,7.835887557379326296e-01,2.960522810214102352e-01,-8.496188262315184092e-01,7.759858684556072417e-01,1.866856903673566048e-01,-7.930501289167326551e-01,7.749372817155499860e-01,1.809134916758715905e-01,-7.792588278161840520e-01,7.745910182998856364e-01,1.793453554423371232e-01,-7.756776740440709528e-01,7.865285686084290129e-01,2.917398306680695774e-01,-8.224721091954876329e-01,7.708632057726335640e-01,1.808928491132193450e-01,-7.785827940789434853e-01,7.723878079014164788e-01,1.768781005129617945e-01,-7.732188973519553699e-01,7.738277998606970520e-01,1.781921592639199303e-01,-7.738872640380127788e-01,7.742488177034928531e-01,1.783852416958576492e-01,-7.742457605917948404e-01
8.537813993672055402e-01,3.343587597519974697e-01,-8.789780752215818893e-01,7.926058541846897620e-01,2.857923030424734390e-01,-8.558846717410427685e-01,7.853197078587105251e-01,1.791586147216706615e-01,-8.016729574672890601e-01,7.840340630409174949e-01,1.700228979350604519e-01,-7.881353445821159820e-01,7.835102756847921457e-01,1.672057574532000435e-01,-7.845378521036594499e-01,7.951342434486328159e-01,2.791292123888421406e-01,-8.296587252488683006e-01,7.799237191688810356e-01,1.691204532153220419e-01,-7.873192740693845115e-01,7.813146248734219590e-01,1.636005935928356303e-01,-7.821103284773773812e-01,7.826779455772396865e-01,1.654185968543285257e-01,-7.827347697971012153e-01,7.830799012531792780e-01,1.656995522081848304e-01,-7.830769352209071554e-01
8.601386123350243107e-01,3.278576261968090266e-01,-8.842397805435582292e-01,8.016229526314470055e-01,2.755323250635365873e-01,-8.621505172505672387e-01,7.946535472618139195e-01,1.716315390759847459e-01,-8.102957860178455762e-01,7.931308443662851149e-01,1.591323041942493688e-01,-7.970118613480482450e-01,7.924295330696986550e-01,1.550661594640629359e-01,-7.933980301632479470e-01,8.037650458338931880e-01,2.665061332326513766e-01,-8.368636350440324945e-01,7.890265533841470669e-01,1.576046382234466969e-01,-7.960982821738914472e-01,7.902898722981474000e-01,1.508231511180922191e-01,-7.910502558919955129e-01,7.915777504617610427e-01,1.530344324708226011e-01,-7.916319404605586252e-01,7.919609184491742671e-01,1.533457582333749292e-01,-7.919580244274806446e-01
8.664958253028431923e-01,3.213564926416206946e-01,-8.895014858655345691e-01,8.106400510782042490e-01,2.652723470845997911e-01,-8.684163627600917090e-01,8.039873866649172029e-01,1.641044634302987471e-01,-8.189186145684017593e-01,8.022276256916526238e-01,1.482417104534382302e-01,-8.058883781139802860e-01,8.013487904546051643e-01,1.429265614749258284e-01,-8.022582082228365552e-01,8.124209757642099072e-01,2.538705931994973408e-01,-8.440868385809803254e-01,7.981717084184322131e-01,1.463454041375935322e-01,-8.049198183924648475e-01,7.993135501755925798e-01,1.385457730887315886e-01,-8.000386795958097652e-01,8.005272145142604545e-01,1.410396661134021012e-01,-8.005787760283842314e-01,8.008918692914769322e-01,1.413238597714277789e-01,-8.008890282115146420e-01
8.728530382706620738e-01,3.148553590864322516e-01,-8.947631911875110200e-01,8.196571495249613815e-01,2.550123691056629394e-01,-8.746822082696160683e-01,8.133212260680203753e-01,1.565773877846128037e-01,-8.275414431189582753e-01,8.113244070170200217e-01,1.373511167126271193e-01,-8.147648948799123270e-01,8.102680478395116737e-01,1.307869634857886931e-01,-8.111183862824250523e-01,8.211020332395833066e-01,2.412225922893798669e-01,-8.513283358597119044e-01,8.073591842717361411e-01,1.353427509577623533e-01,-8.137838827251041574e-01,8.083856585057581645e-01,1.267684595047538221e-01,-8.090755995888208041e-01,8.095263377347385880e-01,1.294342977820670815e-01,-8.095752765005788110e-01,8.098727537800881615e-01,1.296338568223435739e-01,-8.098699465730100355e-01
8.792102512384809554e-01,3.083542255312439195e-01,-9.000248965094874709e-01,8.286742479717185139e-01,2.447523911267260877e-01,-8.809480537791405386e-01,8.226550654711237698e-01,1.490503121389268881e-01,-8.361642716695147914e-01,8.204211883423877527e-01,1.264605229718160362e-01,-8.236414116458444790e-01,8.191873052244181830e-01,1.186473654966515995e-01,-8.199785643420136605e-01,8.298082182600128309e-01,2.285621305022990657e-01,-8.585881268802270094e-01,8.165889809440590730e-01,1.245966786839532991e-01,-8.226904751718097097e-01,8.175061972886431549e-01,1.154912103661587669e-01,-8.181610158710275194e-01,8.185751201231947771e-01,1.182183274768174586e-01,-8.186214418771418089e-01,8.189035719150075110e-01,1.182757493861222448e-01,-8.189007795119661592e-01
8.855674642062998370e-01,3.018530919760555320e-01,-9.052866018314639218e-01,8.376913464184756464e-01,2.344924131477892915e-01,-8.872138992886648978e-01,8.319889048742269422e-01,1.415232364932409170e-01,-8.447871002200709745e-01,8.295179696677552617e-01,1.155699292310049392e-01,-8.325179284117765199e-01,8.283347575006314578e-01,1.083494283749150827e-01,-8.290720372798585647e-01,8.385395308254990354e-01,2.158892078382549928e-01,-8.658662116425257516e-01,8.258610984354010087e-01,1.141071873161662587e-01,-8.316395957325815047e-01,8.266751665242485503e-01,1.047140256729465063e-01,-8.272949284424309102e-01,8.276735616796293549e-01,1.073917551976532880e-01,-8.277172721580733361e-01,8.279848796083512097e-01,1.072851479199938840e-01,-8.279821287362564286e-01
8.919246771741186075e-01,2.953519584208671445e-01,-9.105483071534401507e-01,8.467084448652328899e-01,2.242324351688524398e-01,-8.934797447981893681e-01,8.413227442773302256e-01,1.339961608475549737e-01,-8.534099287706273795e-01,8.386147509931227706e-01,1.046793354901938283e-01,-8.413944451777086719e-01,8.375582747406138395e-01,9.866537820897874900e-02,-8.382432751771224932e-01,8.472959709360419200e-01,2.032038242972476483e-01,-8.731625901466083528e-01,8.351755367457619483e-01,1.038742768544013151e-01,-8.406312444074194312e-01,8.358925662125733513e-01,9.443690542511698482e-02,-8.364773373030300885e-01,8.368216624040418772e-01,9.695458094457454212e-02,-8.368627673433730596e-01,8.371163595103130461e-01,9.674465437040294380e-02,-8.371136340795759523e-01
8.982818901419374891e-01,2.888508248656787569e-01,-9.158100124754167126e-01,8.557255433119900223e-01,2.139724571899156158e-01,-8.997455903077138384e-01,8.506565836804336200e-01,1.264690852018690581e-01,-8.620327573211838956e-01,8.477115323184901685e-01,9.378874174938270358e-02,-8.502709619436407129e-01,8.467817919805959992e-01,8.898132804304240140e-02,-8.474145130743864218e-01,8.560775385916411517e-01,1.905059798792769210e-01,-8.804772623924745911e-01,8.445322958751414477e-01,9.389794729865838518e-02,-8.496654211963234893e-01,8.451583963536183353e-01,8.465984962267031344e-02,-8.457082424528258313e-01,8.460194222964333433e-01,8.690680471758123471e-02,-8.460579274330418675e-01,8.462978339251792104e-01,8.665759033511991061e-02,-8.462951008258161600e-01
9.046391031097563706e-01,2.823496913104903694e-01,-9.210717177973930525e-01,8.647426417587471548e-01,2.037124792109787641e-01,-9.060114358172381976e-01,8.599904230835369034e-01,1.189420095561830731e-01,-8.706555858717401897e-01,8.568083136438577885e-01,8.289814800857160659e-02,-8.591474787095728649e-01,8.560053092205782699e-01,7.929727787710605380e-02,-8.565857509716503504e-01,8.648842337922968415e-01,1.777956745843428665e-01,-8.878102283801243555e-01,8.539313758235399510e-01,8.417819864893751058e-02,-8.587421260992936789e-01,8.544726569473837241e-01,7.538285826560640890e-02,-8.549876438918182497e-01,8.552668413568027539e-01,7.724842651667337967e-02,-8.553027524270787607e-01,8.555293028529498134e-01,7.702395581414482606e-02,-8.555265289749773849e-01
9.109963160775752522e-01,2.758485577553019263e-01,-9.263334231193695034e-01,8.737597402055043982e-01,1.934525012320419679e-01,-9.122772813267626679e-01,8.693242624866401869e-01,1.114149339104971437e-01,-8.792784144222967058e-01,8.659050949692252974e-01,7.200755426776049573e-02,-8.680239954755050169e-01,8.652288264605606516e-01,6.961322771116973396e-02,-8.657569888689142790e-01,8.737160565380091004e-01,1.650729084124455126e-01,-8.951614881095577569e-01,8.633727765909572360e-01,7.471503090523873292e-02,-8.678613591163298890e-01,8.638353479938685187e-01,6.660593135392527120e-02,-8.643155416200063446e-01,8.645639195851505532e-01,6.797944634185096313e-02,-8.645972423254846273e-01,8.648107662936243001e-01,6.784375080747766240e-02,-8.648079185270591829e-01
9.173535290453941338e-01,2.693474242001135943e-01,-9.315951284413459543e-01,8.827768386522614197e-01,1.831925232531051162e-01,-9.185431268362870272e-01,8.786581018897433593e-01,1.038878582648111726e-01,-8.879012429728529998e-01,8.750018762945929174e-01,6.111696052694939874e-02,-8.769005122414370579e-01,8.744523437005429223e-01,5.992917754523340024e-02,-8.749282267661782075e-01,8.825730068287775953e-01,1.523376813635847205e-01,-9.025310415807749065e-01,8.728564981773936360e-01,6.550844406756189953e-02,-8.770231202474325638e-01,8.732464694930734961e-01,5.832906888762689340e-02,-8.736919356373910039e-01,8.739106569814767411e-01,5.909986419311398509e-02,-8.739413971282588012e-01,8.741422242472030035e-01,5.911697531511840575e-02,-8.741392694820615539e-01
9.237107420132129043e-01,2.628462906449251513e-01,-9.368568337633221832e-01,8.917939370990186632e-01,1.729325452741682367e-01,-9.248089723458114975e-01,8.879919412928467537e-01,9.636078261912524312e-02,-8.965240715234094049e-01,8.843681468281225921e-01,5.348261793356628296e-02,-8.860851103485639646e-01,8.838267083667266100e-01,5.186802824344168006e-02,-8.842551886600462652e-01,8.914550846646027704e-01,1.395899934377607399e-01,-9.099188887937756931e-01,8.823825405828488178e-01,5.655843813590728797e-02,-8.862274094926011481e-01,8.827060214449983233e-01,5.055227086671131020e-02,-8.831168259439718948e-01,8.833095064257221463e-01,5.065765808642793550e-02,-8.833377762187938353e-01,8.835240485266959709e-01,5.086203748589278317e-02,-8.835209018829963679e-01
9.300679549810318969e-01,2.563451570897368192e-01,-9.421185390852987451e-01,9.008110355457759066e-01,1.626725672952314683e-01,-9.310748178553359677e-01,8.973257806959500371e-01,8.883370697343929978e-02,-9.051469000739658100e-01,8.940039065698145437e-01,4.910452648761103739e-02,-8.955777897968857371e-01,8.933519204591117147e-01,4.542977980579450403e-02,-8.937378745505184519e-01,9.003622900454846256e-01,1.268298446349733766e-01,-9.173250297485602278e-01,8.919509038073231144e-01,4.786501311027469008e-02,-8.954742268518361969e-01,8.922140038496432224e-01,4.327553729117852160e-02,-8.925902125397491282e-01,8.927604781299502967e-01,4.284621157015160858e-02,-8.927863862988689725e-01,8.929561218059915984e-01,4.317708955006469701e-02,-8.929527546019117024e-01
9.364251679488506674e-01,2.498440235345484317e-01,-9.473802444072750850e-01,9.098281339925330391e-01,1.524125893162946721e-01,-9.373406633648604380e-01,9.066596200990533205e-01,8.130663132775337032e-02,-9.137697286245223260e-01,9.036396663115064953e-01,4.472643504165579875e-02,-9.050704692452077316e-01,9.028771325514970414e-01,3.899153136814733495e-02,-9.032205604409908606e-01,9.092946229714226059e-01,1.140572349552226444e-01,-9.247494644451282886e-01,9.015615878508161929e-01,3.942816899066414055e-02,-9.047635723251371553e-01,9.017704167070079713e-01,3.649886816102849291e-02,-9.021120954247225932e-01,9.022611226182419841e-01,3.568200781110577452e-02,-9.022846702190192580e-01,9.024380331633778951e-01,3.607644076889649637e-02,-9.024344872198145628e-01
9.427823809166694380e-01,2.433428899793599887e-01,-9.526419497292515359e-01,9.188452324392902826e-01,1.421526113373577926e-01,-9.436065088743847973e-01,9.159934595021566039e-01,7.377955568206739922e-02,-9.223925571750786201e-01,9.132754260531985580e-01,4.034834359570056705e-02,-9.145631486935297261e-01,9.124023446438822571e-01,3.255328293050016586e-02,-9.127032463314630473e-01,9.182520834424172662e-01,1.012721643985086267e-01,-9.321921928834799864e-01,9.112145927133280532e-01,3.124790577707553876e-02,-9.140954459125042453e-01,9.113752600170922369e-01,3.022226347626127269e-02,-9.116824745988919565e-01,9.118114398905969864e-01,2.916504680929044371e-02,-9.118326279792444700e-01,9.119697825988545281e-01,2.956009114238820207e-02,-9.119660997367042832e-01
9.491395938844882085e-01,2.368417564241717954e-01,-9.579036550512278758e-01,9.278623308860471930e-01,1.318926333584212185e-01,-9.498723543839090455e-01,9.253272989052596653e-01,6.625248003638162242e-02,-9.310153857256348031e-01,9.229111857948902875e-01,3.597025214974541862e-02,-9.240558281418511655e-01,9.219275567362671397e-01,2.611503449285313555e-02,-9.221859322219351229e-01,9.272346714584681626e-01,8.847463296483151773e-02,-9.396532150636153213e-01,9.209099183948585843e-01,2.332422346950933922e-02,-9.234698476139373557e-01,9.210285337798969074e-01,2.444572323687694421e-02,-9.213013500622578844e-01,9.214114299470149705e-01,2.329532856470571678e-02,-9.214302595795442752e-01,9.215513701124216084e-01,2.362804067053993207e-02,-9.215475921525811964e-01
9.554968068523069791e-01,2.303406228689833801e-01,-9.631653603732041047e-01,9.368794293328044365e-01,1.216326553794843945e-01,-9.561381998934335158e-01,9.346611383083629487e-01,5.872540439069567214e-02,-9.396382142761912082e-01,9.325469455365824611e-01,3.159216070379018693e-02,-9.335485075901732710e-01,9.314527688286522444e-01,1.967678605520596646e-02,-9.316686181124074206e-01,9.362423870195757392e-01,7.566464065419083174e-02,-9.471325309855344043e-01,9.306475648954083413e-01,1.565712206796496947e-02,-9.328867774294368198e-01,9.307302379954213167e-01,1.916924744287525073e-02,-9.309687218148201548e-01,9.310610927874968246e-01,1.807285307735135432e-02,-9.310775650199194509e-01,9.311827957040795800e-01,1.828028935335141575e-02,-9.311789644674455246e-01
9.618540198201258606e-01,2.238394893137950481e-01,-9.684270656951805556e-01,9.458965277795614579e-01,1.113726774005475151e-01,-9.624040454029578751e-01,9.439949777114662322e-01,5.119832874500972880e-02,-9.482610428267476133e-01,9.421827052782743017e-01,2.721406925783494482e-02,-9.430411870384949324e-01,9.410526593175185806e-01,1.426207531415166901e-02,-9.412292557645461910e-01,9.452752301257398848e-01,6.284218746658686017e-02,-9.546301406492371244e-01,9.404275322149769911e-01,8.246601572442637668e-03,-9.423462353590025264e-01,9.404803726636656869e-01,1.439283609425636053e-02,-9.406845898565785458e-01,9.407604284120413274e-01,1.349762034722747951e-02,-9.407745443003689978e-01,9.408640900735938395e-01,1.352269228384149827e-02,-9.408603208339955115e-01
9.682112327879447422e-01,2.173383557586066606e-01,-9.736887710171570065e-01,9.549136262263187014e-01,1.011126994216106911e-01,-9.686698909124823453e-01,9.533288171145695156e-01,4.367125309932377158e-02,-9.568838713773040183e-01,9.518184650199662533e-01,2.283597781187969925e-02,-9.525338664868168159e-01,9.508765849958288330e-01,1.191797766287610964e-02,-9.510237487016851565e-01,9.543332007769604886e-01,5.000727340201945731e-02,-9.621460440547235926e-01,9.502498203535646448e-01,1.092661982942413207e-03,-9.518482214026343646e-01,9.502789377846302399e-01,1.011648919102022502e-02,-9.504489541875335012e-01,9.505094368206499222e-01,9.569630374334099285e-03,-9.505211974208940262e-01,9.505952729006441615e-01,9.454024095289254026e-03,-9.505918677333012878e-01
9.745684457557637348e-01,2.108372222034182453e-01,-9.789504763391335684e-01,9.639307246730758338e-01,9.085272144267388106e-02,-9.749357364220068156e-01,9.626626565176729100e-01,3.614417745363784212e-02,-9.655066999278605344e-01,9.614542247616584270e-01,1.845788636592446408e-02,-9.620265459351388104e-01,9.607005106741390854e-01,9.573880011600552006e-03,-9.608182416388241220e-01,9.634162989732373283e-01,3.715989846048879663e-02,-9.696802412019936979e-01,9.601144293111709693e-01,-5.804696700535809731e-03,-9.613927355603323344e-01,9.601259333583144207e-01,6.340206733166889319e-03,-9.602618148076843552e-01,9.603081180133218320e-01,6.288883158671213641e-03,-9.603175243814938700e-01,9.603762270540237012e-01,6.108958176983603390e-03,-9.603732916126742625e-01
9.809256587235825053e-01,2.043360886482298577e-01,-9.842121816611097973e-01,9.729478231198329663e-01,8.059274346373705711e-02,-9.812015819315311749e-01,9.719964959207760824e-01,2.861710180795188144e-02,-9.741295284784167174e-01,9.710899845033502675e-01,1.407979491996922718e-02,-9.715192253834606939e-01,9.705244363524493378e-01,7.229782360324992635e-03,-9.706127345759631986e-01,9.725245247145709593e-01,2.430006264199471508e-02,-9.772327320910473292e-01,9.700213590877964087e-01,-1.244547447799195135e-02,-9.709797778320964357e-01,9.700213593847187843e-01,3.063988720696331301e-03,-9.701231717170316626e-01,9.701564719900567235e-01,3.655378700238820847e-03,-9.701635251821684180e-01,9.702069525337321254e-01,3.487494528924541155e-03,-9.702045924721136583e-01
9.872828716914012759e-01,1.978349550930414980e-01,-9.894738869830861372e-01,9.819649215665903208e-01,7.033276548480019152e-02,-9.874674274410557562e-01,9.813303353238794768e-01,2.109002616226594157e-02,-9.827523570289732335e-01,9.807257442450423301e-01,9.701703474013988540e-03,-9.810119048317825774e-01,9.803483620307595903e-01,4.885684709049434131e-03,-9.804072275131021641e-01,9.816578780009610483e-01,1.142776594653743122e-02,-9.848035167218848196e-01,9.799706096834406299e-01,-1.882967134942607756e-02,-9.806093482179267795e-01,9.799652158638428867e-01,2.878351536085548153e-04,-9.800330249155752016e-01,9.800544987508550410e-01,1.669116999036916130e-03,-9.800591998229180035e-01,9.800874493397704335e-01,1.589633151112067539e-03,-9.800857703116204744e-01
9.936400846592201574e-01,1.913338215378531104e-01,-9.947355923050625881e-01,9.909820200133473422e-01,6.007278750586339533e-02,-9.937332729505801154e-01,9.906641747269827603e-01,1.356295051657998435e-02,-9.913751855795296386e-01,9.903615039867342817e-01,5.323612028058749036e-03,-9.905045842801043499e-01,9.901722877090699537e-01,2.541587057773875627e-03,-9.902017204502411296e-01,9.908163588324075954e-01,-1.456991625883151224e-03,-9.923925950945059471e-01,9.899621810981037440e-01,-2.495728731483813287e-02,-9.902814467178231439e-01,9.899575027956870610e-01,-1.988253968096463393e-03,-9.899913744033150831e-01,9.900021982957170064e-01,3.300980550655115272e-04,-9.900045483037427374e-01,9.900177174721369600e-01,4.153740435461814560e-04,-9.900168251311931567e-01
9.999972976270390390e-01,1.848326879826647229e-01,-9.999972976270390390e-01,9.999991184601044747e-01,4.981280952692657138e-02,-9.999991184601044747e-01,9.999980141300860437e-01,6.035874870894053154e-03,-9.999980141300860437e-01,9.999972637284263444e-01,9.455205821035108336e-04,-9.999972637284263444e-01,9.999962133873800951e-01,1.974894064983163369e-04,-9.999962133873800951e-01,9.999999672089106006e-01,-1.435421007526721179e-02,-9.999999672089106006e-01,9.999960733317858619e-01,-3.082832237422799757e-02,-9.999960733317858619e-01,9.999982201802513071e-01,-3.764278644418667975e-03,-9.999982201802513071e-01,9.999995706246420646e-01,-3.616781316754060275e-04,-9.999995706246420646e-01,9.999977569308329262e-01,-3.528279377311672679e-05,-9.999977569308329262e-01
